Workbook
Name Agrupación: [1]Parámetros!$C$5:$C$6

Sheet BDD
B2: Fecha | C2: Intervalo | D2: Cola | E2: Tipo de medios | F2: Ofrecidas | G2: Contestadas | H2: Abandonadas | I2: % de nivel de servicio | J2: AHT | K2: Fecha2 | L2: NDA INT | M2: Aten < 20 seg | N2: cosas | O2: NDS Int | P2: TMO | Q2: Skill | R2: Skill2 | T2: Cola | U2: Agrupación
B3: 46204 | C3: 0.375 | D3: BUPA_Seguros_Empresas_Otras_Consultas | E3: voz | F3: 1 | G3: 1 | H3: 0 | I3: 0 | J3: None | K3: =INT(Regiones[[#This Row],[Fecha]]) -> 46204 | L3: =IFERROR(Regiones[[#This Row],[Contestadas]]/Regiones[[#This Row],[Ofrecidas]],"") -> 1 | M3: =IFERROR(Regiones[[#This Row],[Ofrecidas]]*Regiones[[#This Row],[% de nivel de servicio]],"") -> 0 | O3: =IFERROR(Regiones[[#This Row],[Aten < 20 seg]]/Regiones[[#This Row],[Contestadas]],"") -> 0 | P3: =IFERROR(Regiones[[#This Row],[AHT]]*86400,"error") -> error | Q3: =+VLOOKUP(Regiones[[#This Row],[Cola]],Tabla6[#Data],2,0) -> BUPA | R3: =+VLOOKUP(Regiones[[#This Row],[Cola]],Tabla68[],2,0) -> #N/A | T3: BUPA_Cambio_medio_de_pago | U3: BUPA
B4: 46204 | C4: 0.375 | D4: BUPA_Servicio_al_Cliente_Nacional | E4: voz | F4: 2 | G4: 2 | H4: 0 | I4: 0.5 | J4: 0.0057986111 | K4: =INT(Regiones[[#This Row],[Fecha]]) -> 46204 | L4: =IFERROR(Regiones[[#This Row],[Contestadas]]/Regiones[[#This Row],[Ofrecidas]],"") -> 1 | M4: =IFERROR(Regiones[[#This Row],[Ofrecidas]]*Regiones[[#This Row],[% de nivel de servicio]],"") -> 1 | O4: =IFERROR(Regiones[[#This Row],[Aten < 20 seg]]/Regiones[[#This Row],[Contestadas]],"") -> 0.5 | P4: =IFERROR(Regiones[[#This Row],[AHT]]*86400,"error") -> 501 | Q4: =+VLOOKUP(Regiones[[#This Row],[Cola]],Tabla6[#Data],2,0) -> BUPA | R4: =+VLOOKUP(Regiones[[#This Row],[Cola]],Tabla68[],2,0) -> #N/A | T4: BUPA_Cobros | U4: BUPA
B5: 46204 | C5: 0.375 | D5: BUPA_Otras_Consultas | E5: voz | F5: 15 | G5: 14 | H5: 1 | I5: 0.47 | J5: 0.0046064815 | K5: =INT(Regiones[[#This Row],[Fecha]]) -> 46204 | L5: =IFERROR(Regiones[[#This Row],[Contestadas]]/Regiones[[#This Row],[Ofrecidas]],"") -> 0.93333333 | M5: =IFERROR(Regiones[[#This Row],[Ofrecidas]]*Regiones[[#This Row],[% de nivel de servicio]],"") -> 7.05 | O5: =IFERROR(Regiones[[#This Row],[Aten < 20 seg]]/Regiones[[#This Row],[Contestadas]],"") -> 0.50357143 | P5: =IFERROR(Regiones[[#This Row],[AHT]]*86400,"error") -> 398 | Q5: =+VLOOKUP(Regiones[[#This Row],[Cola]],Tabla6[#Data],2,0) -> BUPA | R5: =+VLOOKUP(Regiones[[#This Row],[Cola]],Tabla68[],2,0) -> #N/A | T5: BUPA_Otras_Consultas | U5: BUPA
B6: 46204 | C6: 0.375 | D6: BUPA_Reembolsos | E6: voz | F6: 3 | G6: 3 | H6: 0 | I6: 0.33 | J6: 0.0044560185 | K6: =INT(Regiones[[#This Row],[Fecha]]) -> 46204 | L6: =IFERROR(Regiones[[#This Row],[Contestadas]]/Regiones[[#This Row],[Ofrecidas]],"") -> 1 | M6: =IFERROR(Regiones[[#This Row],[Ofrecidas]]*Regiones[[#This Row],[% de nivel de servicio]],"") -> 0.99 | O6: =IFERROR(Regiones[[#This Row],[Aten < 20 seg]]/Regiones[[#This Row],[Contestadas]],"") -> 0.33 | P6: =IFERROR(Regiones[[#This Row],[AHT]]*86400,"error") -> 385 | Q6: =+VLOOKUP(Regiones[[#This Row],[Cola]],Tabla6[#Data],2,0) -> BUPA | R6: =+VLOOKUP(Regiones[[#This Row],[Cola]],Tabla68[],2,0) -> #N/A | T6: BUPA_Reembolsos | U6: BUPA
B7: 46204 | C7: 0.375 | D7: BUPA_Consulta_Liquidacion_Reembolso | E7: voz | F7: 1 | G7: 1 | H7: 0 | I7: 0 | J7: 0.0047222222 | K7: =INT(Regiones[[#This Row],[Fecha]]) -> 46204 | L7: =IFERROR(Regiones[[#This Row],[Contestadas]]/Regiones[[#This Row],[Ofrecidas]],"") -> 1 | M7: =IFERROR(Regiones[[#This Row],[Ofrecidas]]*Regiones[[#This Row],[% de nivel de servicio]],"") -> 0 | O7: =IFERROR(Regiones[[#This Row],[Aten < 20 seg]]/Regiones[[#This Row],[Contestadas]],"") -> 0 | P7: =IFERROR(Regiones[[#This Row],[AHT]]*86400,"error") -> 408 | Q7: =+VLOOKUP(Regiones[[#This Row],[Cola]],Tabla6[#Data],2,0) -> BUPA | R7: =+VLOOKUP(Regiones[[#This Row],[Cola]],Tabla68[],2,0) -> #N/A | T7: BUPA_Servicio_al_Cliente_Nacional | U7: BUPA
B8: 46204 | C8: 0.375 | D8: BUPA_Cobros | E8: voz | F8: 13 | G8: 13 | H8: 0 | I8: 0.46 | J8: 0.0051157407 | K8: =INT(Regiones[[#This Row],[Fecha]]) -> 46204 | L8: =IFERROR(Regiones[[#This Row],[Contestadas]]/Regiones[[#This Row],[Ofrecidas]],"") -> 1 | M8: =IFERROR(Regiones[[#This Row],[Ofrecidas]]*Regiones[[#This Row],[% de nivel de servicio]],"") -> 5.98 | O8: =IFERROR(Regiones[[#This Row],[Aten < 20 seg]]/Regiones[[#This Row],[Contestadas]],"") -> 0.46 | P8: =IFERROR(Regiones[[#This Row],[AHT]]*86400,"error") -> 442 | Q8: =+VLOOKUP(Regiones[[#This Row],[Cola]],Tabla6[#Data],2,0) -> BUPA | R8: =+VLOOKUP(Regiones[[#This Row],[Cola]],Tabla68[],2,0) -> #N/A | T8: BUPA_Seguro_Colectivo_Representante | U8: BUPA
B9: 46204 | C9: 0.375 | D9: BUPA_Cambio_medio_de_pago | E9: voz | F9: 2 | G9: 2 | H9: 0 | I9: 0 | J9: 0.0031018519 | K9: =INT(Regiones[[#This Row],[Fecha]]) -> 46204 | L9: =IFERROR(Regiones[[#This Row],[Contestadas]]/Regiones[[#This Row],[Ofrecidas]],"") -> 1 | M9: =IFERROR(Regiones[[#This Row],[Ofrecidas]]*Regiones[[#This Row],[% de nivel de servicio]],"") -> 0 | O9: =IFERROR(Regiones[[#This Row],[Aten < 20 seg]]/Regiones[[#This Row],[Contestadas]],"") -> 0 | P9: =IFERROR(Regiones[[#This Row],[AHT]]*86400,"error") -> 268 | Q9: =+VLOOKUP(Regiones[[#This Row],[Cola]],Tabla6[#Data],2,0) -> BUPA | R9: =+VLOOKUP(Regiones[[#This Row],[Cola]],Tabla68[],2,0) -> #N/A | T9: BUPA_Acceso_Web | U9: BUPA
B10: 46204 | C10: 0.39583333 | D10: BUPA_Acceso_Web | E10: voz | F10: 1 | G10: 1 | H10: 0 | I10: 1 | J10: 0.001412037 | K10: =INT(Regiones[[#This Row],[Fecha]]) -> 46204 | L10: =IFERROR(Regiones[[#This Row],[Contestadas]]/Regiones[[#This Row],[Ofrecidas]],"") -> 1 | M10: =IFERROR(Regiones[[#This Row],[Ofrecidas]]*Regiones[[#This Row],[% de nivel de servicio]],"") -> 1 | O10: =IFERROR(Regiones[[#This Row],[Aten < 20 seg]]/Regiones[[#This Row],[Contestadas]],"") -> 1 | P10: =IFERROR(Regiones[[#This Row],[AHT]]*86400,"error") -> 122 | Q10: =+VLOOKUP(Regiones[[#This Row],[Cola]],Tabla6[#Data],2,0) -> BUPA | R10: =+VLOOKUP(Regiones[[#This Row],[Cola]],Tabla68[],2,0) -> #N/A | T10: BUPA_Consulta_Liquidacion_Reembolso | U10: BUPA
B11: 46204 | C11: 0.39583333 | D11: BUPA_Reembolsos | E11: voz | F11: 8 | G11: 8 | H11: 0 | I11: 1 | J11: 0.002974537 | K11: =INT(Regiones[[#This Row],[Fecha]]) -> 46204 | L11: =IFERROR(Regiones[[#This Row],[Contestadas]]/Regiones[[#This Row],[Ofrecidas]],"") -> 1 | M11: =IFERROR(Regiones[[#This Row],[Ofrecidas]]*Regiones[[#This Row],[% de nivel de servicio]],"") -> 8 | O11: =IFERROR(Regiones[[#This Row],[Aten < 20 seg]]/Regiones[[#This Row],[Contestadas]],"") -> 1 | P11: =IFERROR(Regiones[[#This Row],[AHT]]*86400,"error") -> 257 | Q11: =+VLOOKUP(Regiones[[#This Row],[Cola]],Tabla6[#Data],2,0) -> BUPA | R11: =+VLOOKUP(Regiones[[#This Row],[Cola]],Tabla68[],2,0) -> #N/A | T11: BUPA_Consultas_Cobertura | U11: BUPA
B12: 46204 | C12: 0.39583333 | D12: BUPA_Cambio_medio_de_pago | E12: voz | F12: 1 | G12: 1 | H12: 0 | I12: 0 | J12: 0.0048726852 | K12: =INT(Regiones[[#This Row],[Fecha]]) -> 46204 | L12: =IFERROR(Regiones[[#This Row],[Contestadas]]/Regiones[[#This Row],[Ofrecidas]],"") -> 1 | M12: =IFERROR(Regiones[[#This Row],[Ofrecidas]]*Regiones[[#This Row],[% de nivel de servicio]],"") -> 0 | O12: =IFERROR(Regiones[[#This Row],[Aten < 20 seg]]/Regiones[[#This Row],[Contestadas]],"") -> 0 | P12: =IFERROR(Regiones[[#This Row],[AHT]]*86400,"error") -> 421 | Q12: =+VLOOKUP(Regiones[[#This Row],[Cola]],Tabla6[#Data],2,0) -> BUPA | R12: =+VLOOKUP(Regiones[[#This Row],[Cola]],Tabla68[],2,0) -> #N/A | T12: BUPA_Modificacion_Datos_Personales | U12: BUPA
B13: 46204 | C13: 0.39583333 | D13: BUPA_Otras_Consultas | E13: voz | F13: 21 | G13: 18 | H13: 0 | I13: 0.78 | J13: 0.0038078704 | K13: =INT(Regiones[[#This Row],[Fecha]]) -> 46204 | L13: =IFERROR(Regiones[[#This Row],[Contestadas]]/Regiones[[#This Row],[Ofrecidas]],"") -> 0.85714286 | M13: =IFERROR(Regiones[[#This Row],[Ofrecidas]]*Regiones[[#This Row],[% de nivel de servicio]],"") -> 16.38 | O13: =IFERROR(Regiones[[#This Row],[Aten < 20 seg]]/Regiones[[#This Row],[Contestadas]],"") -> 0.91 | P13: =IFERROR(Regiones[[#This Row],[AHT]]*86400,"error") -> 329 | Q13: =+VLOOKUP(Regiones[[#This Row],[Cola]],Tabla6[#Data],2,0) -> BUPA | R13: =+VLOOKUP(Regiones[[#This Row],[Cola]],Tabla68[],2,0) -> #N/A | T13: BUPA_Seguros_Empresas_Otras_Consultas | U13: BUPA
B14: 46204 | C14: 0.39583333 | D14: BUPA_Cobros | E14: voz | F14: 11 | G14: 10 | H14: 0 | I14: 0.9 | J14: 0.0042708333 | K14: =INT(Regiones[[#This Row],[Fecha]]) -> 46204 | L14: =IFERROR(Regiones[[#This Row],[Contestadas]]/Regiones[[#This Row],[Ofrecidas]],"") -> 0.90909091 | M14: =IFERROR(Regiones[[#This Row],[Ofrecidas]]*Regiones[[#This Row],[% de nivel de servicio]],"") -> 9.9 | O14: =IFERROR(Regiones[[#This Row],[Aten < 20 seg]]/Regiones[[#This Row],[Contestadas]],"") -> 0.99 | P14: =IFERROR(Regiones[[#This Row],[AHT]]*86400,"error") -> 369 | Q14: =+VLOOKUP(Regiones[[#This Row],[Cola]],Tabla6[#Data],2,0) -> BUPA | R14: =+VLOOKUP(Regiones[[#This Row],[Cola]],Tabla68[],2,0) -> #N/A | T14: Cola | U14: Agrupación
B15: 46204 | C15: 0.39583333 | D15: BUPA_Modificacion_Datos_Personales | E15: voz | F15: 1 | G15: 1 | H15: 0 | I15: 1 | J15: 0.0067939815 | K15: =INT(Regiones[[#This Row],[Fecha]]) -> 46204 | L15: =IFERROR(Regiones[[#This Row],[Contestadas]]/Regiones[[#This Row],[Ofrecidas]],"") -> 1 | M15: =IFERROR(Regiones[[#This Row],[Ofrecidas]]*Regiones[[#This Row],[% de nivel de servicio]],"") -> 1 | O15: =IFERROR(Regiones[[#This Row],[Aten < 20 seg]]/Regiones[[#This Row],[Contestadas]],"") -> 1 | P15: =IFERROR(Regiones[[#This Row],[AHT]]*86400,"error") -> 587 | Q15: =+VLOOKUP(Regiones[[#This Row],[Cola]],Tabla6[#Data],2,0) -> BUPA | R15: =+VLOOKUP(Regiones[[#This Row],[Cola]],Tabla68[],2,0) -> #N/A
B16: 46204 | C16: 0.39583333 | D16: BUPA_Seguros_Empresas_Otras_Consultas | E16: voz | F16: 3 | G16: 2 | H16: 1 | I16: 0.67 | J16: 0.0084953704 | K16: =INT(Regiones[[#This Row],[Fecha]]) -> 46204 | L16: =IFERROR(Regiones[[#This Row],[Contestadas]]/Regiones[[#This Row],[Ofrecidas]],"") -> 0.66666667 | M16: =IFERROR(Regiones[[#This Row],[Ofrecidas]]*Regiones[[#This Row],[% de nivel de servicio]],"") -> 2.01 | O16: =IFERROR(Regiones[[#This Row],[Aten < 20 seg]]/Regiones[[#This Row],[Contestadas]],"") -> 1.005 | P16: =IFERROR(Regiones[[#This Row],[AHT]]*86400,"error") -> 734 | Q16: =+VLOOKUP(Regiones[[#This Row],[Cola]],Tabla6[#Data],2,0) -> BUPA | R16: =+VLOOKUP(Regiones[[#This Row],[Cola]],Tabla68[],2,0) -> #N/A
B17: 46204 | C17: 0.41666667 | D17: BUPA_Seguros_Empresas_Otras_Consultas | E17: voz | F17: 2 | G17: 0 | H17: 2 | I17: 0 | J17: None | K17: =INT(Regiones[[#This Row],[Fecha]]) -> 46204 | L17: =IFERROR(Regiones[[#This Row],[Contestadas]]/Regiones[[#This Row],[Ofrecidas]],"") -> 0 | M17: =IFERROR(Regiones[[#This Row],[Ofrecidas]]*Regiones[[#This Row],[% de nivel de servicio]],"") -> 0 | O17: =IFERROR(Regiones[[#This Row],[Aten < 20 seg]]/Regiones[[#This Row],[Contestadas]],"") | P17: =IFERROR(Regiones[[#This Row],[AHT]]*86400,"error") -> error | Q17: =+VLOOKUP(Regiones[[#This Row],[Cola]],Tabla6[#Data],2,0) -> BUPA | R17: =+VLOOKUP(Regiones[[#This Row],[Cola]],Tabla68[],2,0) -> #N/A
B18: 46204 | C18: 0.41666667 | D18: BUPA_Servicio_al_Cliente_Nacional | E18: voz | F18: 1 | G18: 1 | H18: 0 | I18: 0 | J18: None | K18: =INT(Regiones[[#This Row],[Fecha]]) -> 46204 | L18: =IFERROR(Regiones[[#This Row],[Contestadas]]/Regiones[[#This Row],[Ofrecidas]],"") -> 1 | M18: =IFERROR(Regiones[[#This Row],[Ofrecidas]]*Regiones[[#This Row],[% de nivel de servicio]],"") -> 0 | O18: =IFERROR(Regiones[[#This Row],[Aten < 20 seg]]/Regiones[[#This Row],[Contestadas]],"") -> 0 | P18: =IFERROR(Regiones[[#This Row],[AHT]]*86400,"error") -> error | Q18: =+VLOOKUP(Regiones[[#This Row],[Cola]],Tabla6[#Data],2,0) -> BUPA | R18: =+VLOOKUP(Regiones[[#This Row],[Cola]],Tabla68[],2,0) -> #N/A
B19: 46204 | C19: 0.41666667 | D19: BUPA_Consulta_Liquidacion_Reembolso | E19: voz | F19: 3 | G19: 3 | H19: 0 | I19: 0 | J19: 0.0032986111 | K19: =INT(Regiones[[#This Row],[Fecha]]) -> 46204 | L19: =IFERROR(Regiones[[#This Row],[Contestadas]]/Regiones[[#This Row],[Ofrecidas]],"") -> 1 | M19: =IFERROR(Regiones[[#This Row],[Ofrecidas]]*Regiones[[#This Row],[% de nivel de servicio]],"") -> 0 | O19: =IFERROR(Regiones[[#This Row],[Aten < 20 seg]]/Regiones[[#This Row],[Contestadas]],"") -> 0 | P19: =IFERROR(Regiones[[#This Row],[AHT]]*86400,"error") -> 285 | Q19: =+VLOOKUP(Regiones[[#This Row],[Cola]],Tabla6[#Data],2,0) -> BUPA | R19: =+VLOOKUP(Regiones[[#This Row],[Cola]],Tabla68[],2,0) -> #N/A
B20: 46204 | C20: 0.41666667 | D20: BUPA_Reembolsos | E20: voz | F20: 13 | G20: 6 | H20: 4 | I20: 0 | J20: 0.0056018519 | K20: =INT(Regiones[[#This Row],[Fecha]]) -> 46204 | L20: =IFERROR(Regiones[[#This Row],[Contestadas]]/Regiones[[#This Row],[Ofrecidas]],"") -> 0.46153846 | M20: =IFERROR(Regiones[[#This Row],[Ofrecidas]]*Regiones[[#This Row],[% de nivel de servicio]],"") -> 0 | O20: =IFERROR(Regiones[[#This Row],[Aten < 20 seg]]/Regiones[[#This Row],[Contestadas]],"") -> 0 | P20: =IFERROR(Regiones[[#This Row],[AHT]]*86400,"error") -> 484 | Q20: =+VLOOKUP(Regiones[[#This Row],[Cola]],Tabla6[#Data],2,0) -> BUPA | R20: =+VLOOKUP(Regiones[[#This Row],[Cola]],Tabla68[],2,0) -> #N/A
B21: 46204 | C21: 0.41666667 | D21: BUPA_Cambio_medio_de_pago | E21: voz | F21: 4 | G21: 4 | H21: 0 | I21: 0 | J21: 0.0060300926 | K21: =INT(Regiones[[#This Row],[Fecha]]) -> 46204 | L21: =IFERROR(Regiones[[#This Row],[Contestadas]]/Regiones[[#This Row],[Ofrecidas]],"") -> 1 | M21: =IFERROR(Regiones[[#This Row],[Ofrecidas]]*Regiones[[#This Row],[% de nivel de servicio]],"") -> 0 | O21: =IFERROR(Regiones[[#This Row],[Aten < 20 seg]]/Regiones[[#This Row],[Contestadas]],"") -> 0 | P21: =IFERROR(Regiones[[#This Row],[AHT]]*86400,"error") -> 521 | Q21: =+VLOOKUP(Regiones[[#This Row],[Cola]],Tabla6[#Data],2,0) -> BUPA | R21: =+VLOOKUP(Regiones[[#This Row],[Cola]],Tabla68[],2,0) -> #N/A
B22: 46204 | C22: 0.41666667 | D22: BUPA_Otras_Consultas | E22: voz | F22: 13 | G22: 11 | H22: 4 | I22: 0 | J22: 0.008275463 | K22: =INT(Regiones[[#This Row],[Fecha]]) -> 46204 | L22: =IFERROR(Regiones[[#This Row],[Contestadas]]/Regiones[[#This Row],[Ofrecidas]],"") -> 0.84615385 | M22: =IFERROR(Regiones[[#This Row],[Ofrecidas]]*Regiones[[#This Row],[% de nivel de servicio]],"") -> 0 | O22: =IFERROR(Regiones[[#This Row],[Aten < 20 seg]]/Regiones[[#This Row],[Contestadas]],"") -> 0 | P22: =IFERROR(Regiones[[#This Row],[AHT]]*86400,"error") -> 715 | Q22: =+VLOOKUP(Regiones[[#This Row],[Cola]],Tabla6[#Data],2,0) -> BUPA | R22: =+VLOOKUP(Regiones[[#This Row],[Cola]],Tabla68[],2,0) -> #N/A
B23: 46204 | C23: 0.41666667 | D23: BUPA_Cobros | E23: voz | F23: 14 | G23: 12 | H23: 3 | I23: 0.2 | J23: 0.0043634259 | K23: =INT(Regiones[[#This Row],[Fecha]]) -> 46204 | L23: =IFERROR(Regiones[[#This Row],[Contestadas]]/Regiones[[#This Row],[Ofrecidas]],"") -> 0.85714286 | M23: =IFERROR(Regiones[[#This Row],[Ofrecidas]]*Regiones[[#This Row],[% de nivel de servicio]],"") -> 2.8 | O23: =IFERROR(Regiones[[#This Row],[Aten < 20 seg]]/Regiones[[#This Row],[Contestadas]],"") -> 0.23333333 | P23: =IFERROR(Regiones[[#This Row],[AHT]]*86400,"error") -> 377 | Q23: =+VLOOKUP(Regiones[[#This Row],[Cola]],Tabla6[#Data],2,0) -> BUPA | R23: =+VLOOKUP(Regiones[[#This Row],[Cola]],Tabla68[],2,0) -> #N/A
B24: 46204 | C24: 0.4375 | D24: BUPA_Consulta_Liquidacion_Reembolso | E24: voz | F24: 6 | G24: 3 | H24: 2 | I24: 0 | J24: 0.0024189815 | K24: =INT(Regiones[[#This Row],[Fecha]]) -> 46204 | L24: =IFERROR(Regiones[[#This Row],[Contestadas]]/Regiones[[#This Row],[Ofrecidas]],"") -> 0.5 | M24: =IFERROR(Regiones[[#This Row],[Ofrecidas]]*Regiones[[#This Row],[% de nivel de servicio]],"") -> 0 | O24: =IFERROR(Regiones[[#This Row],[Aten < 20 seg]]/Regiones[[#This Row],[Contestadas]],"") -> 0 | P24: =IFERROR(Regiones[[#This Row],[AHT]]*86400,"error") -> 209 | Q24: =+VLOOKUP(Regiones[[#This Row],[Cola]],Tabla6[#Data],2,0) -> BUPA | R24: =+VLOOKUP(Regiones[[#This Row],[Cola]],Tabla68[],2,0) -> #N/A
B25: 46204 | C25: 0.4375 | D25: BUPA_Cobros | E25: voz | F25: 7 | G25: 7 | H25: 0 | I25: 0.57 | J25: 0.0066550926 | K25: =INT(Regiones[[#This Row],[Fecha]]) -> 46204 | L25: =IFERROR(Regiones[[#This Row],[Contestadas]]/Regiones[[#This Row],[Ofrecidas]],"") -> 1 | M25: =IFERROR(Regiones[[#This Row],[Ofrecidas]]*Regiones[[#This Row],[% de nivel de servicio]],"") -> 3.99 | O25: =IFERROR(Regiones[[#This Row],[Aten < 20 seg]]/Regiones[[#This Row],[Contestadas]],"") -> 0.57 | P25: =IFERROR(Regiones[[#This Row],[AHT]]*86400,"error") -> 575 | Q25: =+VLOOKUP(Regiones[[#This Row],[Cola]],Tabla6[#Data],2,0) -> BUPA | R25: =+VLOOKUP(Regiones[[#This Row],[Cola]],Tabla68[],2,0) -> #N/A
B26: 46204 | C26: 0.4375 | D26: BUPA_Consultas_Cobertura | E26: voz | F26: 1 | G26: 1 | H26: 0 | I26: 0 | J26: 0.0014930556 | K26: =INT(Regiones[[#This Row],[Fecha]]) -> 46204 | L26: =IFERROR(Regiones[[#This Row],[Contestadas]]/Regiones[[#This Row],[Ofrecidas]],"") -> 1 | M26: =IFERROR(Regiones[[#This Row],[Ofrecidas]]*Regiones[[#This Row],[% de nivel de servicio]],"") -> 0 | O26: =IFERROR(Regiones[[#This Row],[Aten < 20 seg]]/Regiones[[#This Row],[Contestadas]],"") -> 0 | P26: =IFERROR(Regiones[[#This Row],[AHT]]*86400,"error") -> 129 | Q26: =+VLOOKUP(Regiones[[#This Row],[Cola]],Tabla6[#Data],2,0) -> BUPA | R26: =+VLOOKUP(Regiones[[#This Row],[Cola]],Tabla68[],2,0) -> #N/A
B27: 46204 | C27: 0.4375 | D27: BUPA_Reembolsos | E27: voz | F27: 11 | G27: 11 | H27: 3 | I27: 0 | J27: 0.0052662037 | K27: =INT(Regiones[[#This Row],[Fecha]]) -> 46204 | L27: =IFERROR(Regiones[[#This Row],[Contestadas]]/Regiones[[#This Row],[Ofrecidas]],"") -> 1 | M27: =IFERROR(Regiones[[#This Row],[Ofrecidas]]*Regiones[[#This Row],[% de nivel de servicio]],"") -> 0 | O27: =IFERROR(Regiones[[#This Row],[Aten < 20 seg]]/Regiones[[#This Row],[Contestadas]],"") -> 0 | P27: =IFERROR(Regiones[[#This Row],[AHT]]*86400,"error") -> 455 | Q27: =+VLOOKUP(Regiones[[#This Row],[Cola]],Tabla6[#Data],2,0) -> BUPA | R27: =+VLOOKUP(Regiones[[#This Row],[Cola]],Tabla68[],2,0) -> #N/A
B28: 46204 | C28: 0.4375 | D28: BUPA_Otras_Consultas | E28: voz | F28: 20 | G28: 11 | H28: 6 | I28: 0 | J28: 0.0044560185 | K28: =INT(Regiones[[#This Row],[Fecha]]) -> 46204 | L28: =IFERROR(Regiones[[#This Row],[Contestadas]]/Regiones[[#This Row],[Ofrecidas]],"") -> 0.55 | M28: =IFERROR(Regiones[[#This Row],[Ofrecidas]]*Regiones[[#This Row],[% de nivel de servicio]],"") -> 0 | O28: =IFERROR(Regiones[[#This Row],[Aten < 20 seg]]/Regiones[[#This Row],[Contestadas]],"") -> 0 | P28: =IFERROR(Regiones[[#This Row],[AHT]]*86400,"error") -> 385 | Q28: =+VLOOKUP(Regiones[[#This Row],[Cola]],Tabla6[#Data],2,0) -> BUPA | R28: =+VLOOKUP(Regiones[[#This Row],[Cola]],Tabla68[],2,0) -> #N/A
B29: 46204 | C29: 0.4375 | D29: BUPA_Cambio_medio_de_pago | E29: voz | F29: 1 | G29: 1 | H29: 0 | I29: 0 | J29: 0.00082175926 | K29: =INT(Regiones[[#This Row],[Fecha]]) -> 46204 | L29: =IFERROR(Regiones[[#This Row],[Contestadas]]/Regiones[[#This Row],[Ofrecidas]],"") -> 1 | M29: =IFERROR(Regiones[[#This Row],[Ofrecidas]]*Regiones[[#This Row],[% de nivel de servicio]],"") -> 0 | O29: =IFERROR(Regiones[[#This Row],[Aten < 20 seg]]/Regiones[[#This Row],[Contestadas]],"") -> 0 | P29: =IFERROR(Regiones[[#This Row],[AHT]]*86400,"error") -> 71 | Q29: =+VLOOKUP(Regiones[[#This Row],[Cola]],Tabla6[#Data],2,0) -> BUPA | R29: =+VLOOKUP(Regiones[[#This Row],[Cola]],Tabla68[],2,0) -> #N/A
B30: 46204 | C30: 0.4375 | D30: BUPA_Servicio_al_Cliente_Nacional | E30: voz | F30: 3 | G30: 1 | H30: 1 | I30: 0 | J30: 0.0087847222 | K30: =INT(Regiones[[#This Row],[Fecha]]) -> 46204 | L30: =IFERROR(Regiones[[#This Row],[Contestadas]]/Regiones[[#This Row],[Ofrecidas]],"") -> 0.33333333 | M30: =IFERROR(Regiones[[#This Row],[Ofrecidas]]*Regiones[[#This Row],[% de nivel de servicio]],"") -> 0 | O30: =IFERROR(Regiones[[#This Row],[Aten < 20 seg]]/Regiones[[#This Row],[Contestadas]],"") -> 0 | P30: =IFERROR(Regiones[[#This Row],[AHT]]*86400,"error") -> 759 | Q30: =+VLOOKUP(Regiones[[#This Row],[Cola]],Tabla6[#Data],2,0) -> BUPA | R30: =+VLOOKUP(Regiones[[#This Row],[Cola]],Tabla68[],2,0) -> #N/A
B31: 46204 | C31: 0.4375 | D31: BUPA_Seguro_Colectivo_Representante | E31: voz | F31: 1 | G31: 0 | H31: 0 | I31: nan | J31: None | K31: =INT(Regiones[[#This Row],[Fecha]]) -> 46204 | L31: =IFERROR(Regiones[[#This Row],[Contestadas]]/Regiones[[#This Row],[Ofrecidas]],"") -> 0 | M31: =IFERROR(Regiones[[#This Row],[Ofrecidas]]*Regiones[[#This Row],[% de nivel de servicio]],"") | O31: =IFERROR(Regiones[[#This Row],[Aten < 20 seg]]/Regiones[[#This Row],[Contestadas]],"") | P31: =IFERROR(Regiones[[#This Row],[AHT]]*86400,"error") -> error | Q31: =+VLOOKUP(Regiones[[#This Row],[Cola]],Tabla6[#Data],2,0) -> BUPA | R31: =+VLOOKUP(Regiones[[#This Row],[Cola]],Tabla68[],2,0) -> #N/A
B32: 46204 | C32: 0.4375 | D32: BUPA_Seguros_Empresas_Otras_Consultas | E32: voz | F32: 2 | G32: 2 | H32: 0 | I32: 0 | J32: 0.0039351852 | K32: =INT(Regiones[[#This Row],[Fecha]]) -> 46204 | L32: =IFERROR(Regiones[[#This Row],[Contestadas]]/Regiones[[#This Row],[Ofrecidas]],"") -> 1 | M32: =IFERROR(Regiones[[#This Row],[Ofrecidas]]*Regiones[[#This Row],[% de nivel de servicio]],"") -> 0 | O32: =IFERROR(Regiones[[#This Row],[Aten < 20 seg]]/Regiones[[#This Row],[Contestadas]],"") -> 0 | P32: =IFERROR(Regiones[[#This Row],[AHT]]*86400,"error") -> 340 | Q32: =+VLOOKUP(Regiones[[#This Row],[Cola]],Tabla6[#Data],2,0) -> BUPA | R32: =+VLOOKUP(Regiones[[#This Row],[Cola]],Tabla68[],2,0) -> #N/A
B33: 46204 | C33: 0.45833333 | D33: BUPA_Seguros_Empresas_Otras_Consultas | E33: voz | F33: 3 | G33: 2 | H33: 0 | I33: 0.5 | J33: 0.0028819444 | K33: =INT(Regiones[[#This Row],[Fecha]]) -> 46204 | L33: =IFERROR(Regiones[[#This Row],[Contestadas]]/Regiones[[#This Row],[Ofrecidas]],"") -> 0.66666667 | M33: =IFERROR(Regiones[[#This Row],[Ofrecidas]]*Regiones[[#This Row],[% de nivel de servicio]],"") -> 1.5 | O33: =IFERROR(Regiones[[#This Row],[Aten < 20 seg]]/Regiones[[#This Row],[Contestadas]],"") -> 0.75 | P33: =IFERROR(Regiones[[#This Row],[AHT]]*86400,"error") -> 249 | Q33: =+VLOOKUP(Regiones[[#This Row],[Cola]],Tabla6[#Data],2,0) -> BUPA | R33: =+VLOOKUP(Regiones[[#This Row],[Cola]],Tabla68[],2,0) -> #N/A
B34: 46204 | C34: 0.45833333 | D34: BUPA_Servicio_al_Cliente_Nacional | E34: voz | F34: 4 | G34: 3 | H34: 2 | I34: 0 | J34: 0.0070833333 | K34: =INT(Regiones[[#This Row],[Fecha]]) -> 46204 | L34: =IFERROR(Regiones[[#This Row],[Contestadas]]/Regiones[[#This Row],[Ofrecidas]],"") -> 0.75 | M34: =IFERROR(Regiones[[#This Row],[Ofrecidas]]*Regiones[[#This Row],[% de nivel de servicio]],"") -> 0 | O34: =IFERROR(Regiones[[#This Row],[Aten < 20 seg]]/Regiones[[#This Row],[Contestadas]],"") -> 0 | P34: =IFERROR(Regiones[[#This Row],[AHT]]*86400,"error") -> 612 | Q34: =+VLOOKUP(Regiones[[#This Row],[Cola]],Tabla6[#Data],2,0) -> BUPA | R34: =+VLOOKUP(Regiones[[#This Row],[Cola]],Tabla68[],2,0) -> #N/A
B35: 46204 | C35: 0.45833333 | D35: BUPA_Seguro_Colectivo_Representante | E35: voz | F35: 0 | G35: 0 | H35: 1 | I35: 0 | J35: None | K35: =INT(Regiones[[#This Row],[Fecha]]) -> 46204 | L35: =IFERROR(Regiones[[#This Row],[Contestadas]]/Regiones[[#This Row],[Ofrecidas]],"") | M35: =IFERROR(Regiones[[#This Row],[Ofrecidas]]*Regiones[[#This Row],[% de nivel de servicio]],"") -> 0 | O35: =IFERROR(Regiones[[#This Row],[Aten < 20 seg]]/Regiones[[#This Row],[Contestadas]],"") | P35: =IFERROR(Regiones[[#This Row],[AHT]]*86400,"error") -> error | Q35: =+VLOOKUP(Regiones[[#This Row],[Cola]],Tabla6[#Data],2,0) -> BUPA | R35: =+VLOOKUP(Regiones[[#This Row],[Cola]],Tabla68[],2,0) -> #N/A
B36: 46204 | C36: 0.45833333 | D36: BUPA_Otras_Consultas | E36: voz | F36: 19 | G36: 21 | H36: 1 | I36: 0.09 | J36: 0.0044097222 | K36: =INT(Regiones[[#This Row],[Fecha]]) -> 46204 | L36: =IFERROR(Regiones[[#This Row],[Contestadas]]/Regiones[[#This Row],[Ofrecidas]],"") -> 1.1052632 | M36: =IFERROR(Regiones[[#This Row],[Ofrecidas]]*Regiones[[#This Row],[% de nivel de servicio]],"") -> 1.71 | O36: =IFERROR(Regiones[[#This Row],[Aten < 20 seg]]/Regiones[[#This Row],[Contestadas]],"") -> 0.081428571 | P36: =IFERROR(Regiones[[#This Row],[AHT]]*86400,"error") -> 381 | Q36: =+VLOOKUP(Regiones[[#This Row],[Cola]],Tabla6[#Data],2,0) -> BUPA | R36: =+VLOOKUP(Regiones[[#This Row],[Cola]],Tabla68[],2,0) -> #N/A
B37: 46204 | C37: 0.45833333 | D37: BUPA_Consulta_Liquidacion_Reembolso | E37: voz | F37: 2 | G37: 2 | H37: 1 | I37: 0 | J37: 0.0059606481 | K37: =INT(Regiones[[#This Row],[Fecha]]) -> 46204 | L37: =IFERROR(Regiones[[#This Row],[Contestadas]]/Regiones[[#This Row],[Ofrecidas]],"") -> 1 | M37: =IFERROR(Regiones[[#This Row],[Ofrecidas]]*Regiones[[#This Row],[% de nivel de servicio]],"") -> 0 | O37: =IFERROR(Regiones[[#This Row],[Aten < 20 seg]]/Regiones[[#This Row],[Contestadas]],"") -> 0 | P37: =IFERROR(Regiones[[#This Row],[AHT]]*86400,"error") -> 515 | Q37: =+VLOOKUP(Regiones[[#This Row],[Cola]],Tabla6[#Data],2,0) -> BUPA | R37: =+VLOOKUP(Regiones[[#This Row],[Cola]],Tabla68[],2,0) -> #N/A
B38: 46204 | C38: 0.45833333 | D38: BUPA_Cambio_medio_de_pago | E38: voz | F38: 1 | G38: 1 | H38: 0 | I38: 0 | J38: 0.0023148148 | K38: =INT(Regiones[[#This Row],[Fecha]]) -> 46204 | L38: =IFERROR(Regiones[[#This Row],[Contestadas]]/Regiones[[#This Row],[Ofrecidas]],"") -> 1 | M38: =IFERROR(Regiones[[#This Row],[Ofrecidas]]*Regiones[[#This Row],[% de nivel de servicio]],"") -> 0 | O38: =IFERROR(Regiones[[#This Row],[Aten < 20 seg]]/Regiones[[#This Row],[Contestadas]],"") -> 0 | P38: =IFERROR(Regiones[[#This Row],[AHT]]*86400,"error") -> 200 | Q38: =+VLOOKUP(Regiones[[#This Row],[Cola]],Tabla6[#Data],2,0) -> BUPA | R38: =+VLOOKUP(Regiones[[#This Row],[Cola]],Tabla68[],2,0) -> #N/A
B39: 46204 | C39: 0.45833333 | D39: BUPA_Consultas_Cobertura | E39: voz | F39: 2 | G39: 1 | H39: 0 | I39: 0 | J39: 0.0059722222 | K39: =INT(Regiones[[#This Row],[Fecha]]) -> 46204 | L39: =IFERROR(Regiones[[#This Row],[Contestadas]]/Regiones[[#This Row],[Ofrecidas]],"") -> 0.5 | M39: =IFERROR(Regiones[[#This Row],[Ofrecidas]]*Regiones[[#This Row],[% de nivel de servicio]],"") -> 0 | O39: =IFERROR(Regiones[[#This Row],[Aten < 20 seg]]/Regiones[[#This Row],[Contestadas]],"") -> 0 | P39: =IFERROR(Regiones[[#This Row],[AHT]]*86400,"error") -> 516 | Q39: =+VLOOKUP(Regiones[[#This Row],[Cola]],Tabla6[#Data],2,0) -> BUPA | R39: =+VLOOKUP(Regiones[[#This Row],[Cola]],Tabla68[],2,0) -> #N/A
B40: 46204 | C40: 0.45833333 | D40: BUPA_Reembolsos | E40: voz | F40: 8 | G40: 6 | H40: 2 | I40: 0.12 | J40: 0.0080902778 | K40: =INT(Regiones[[#This Row],[Fecha]]) -> 46204 | L40: =IFERROR(Regiones[[#This Row],[Contestadas]]/Regiones[[#This Row],[Ofrecidas]],"") -> 0.75 | M40: =IFERROR(Regiones[[#This Row],[Ofrecidas]]*Regiones[[#This Row],[% de nivel de servicio]],"") -> 0.96 | O40: =IFERROR(Regiones[[#This Row],[Aten < 20 seg]]/Regiones[[#This Row],[Contestadas]],"") -> 0.16 | P40: =IFERROR(Regiones[[#This Row],[AHT]]*86400,"error") -> 699 | Q40: =+VLOOKUP(Regiones[[#This Row],[Cola]],Tabla6[#Data],2,0) -> BUPA | R40: =+VLOOKUP(Regiones[[#This Row],[Cola]],Tabla68[],2,0) -> #N/A
B41: 46204 | C41: 0.45833333 | D41: BUPA_Cobros | E41: voz | F41: 4 | G41: 3 | H41: 0 | I41: 0.33 | J41: 0.0082523148 | K41: =INT(Regiones[[#This Row],[Fecha]]) -> 46204 | L41: =IFERROR(Regiones[[#This Row],[Contestadas]]/Regiones[[#This Row],[Ofrecidas]],"") -> 0.75 | M41: =IFERROR(Regiones[[#This Row],[Ofrecidas]]*Regiones[[#This Row],[% de nivel de servicio]],"") -> 1.32 | O41: =IFERROR(Regiones[[#This Row],[Aten < 20 seg]]/Regiones[[#This Row],[Contestadas]],"") -> 0.44 | P41: =IFERROR(Regiones[[#This Row],[AHT]]*86400,"error") -> 713 | Q41: =+VLOOKUP(Regiones[[#This Row],[Cola]],Tabla6[#Data],2,0) -> BUPA | R41: =+VLOOKUP(Regiones[[#This Row],[Cola]],Tabla68[],2,0) -> #N/A
B42: 46204 | C42: 0.45833333 | D42: BUPA_Acceso_Web | E42: voz | F42: 2 | G42: 1 | H42: 0 | I42: 0 | J42: 0.0021296296 | K42: =INT(Regiones[[#This Row],[Fecha]]) -> 46204 | L42: =IFERROR(Regiones[[#This Row],[Contestadas]]/Regiones[[#This Row],[Ofrecidas]],"") -> 0.5 | M42: =IFERROR(Regiones[[#This Row],[Ofrecidas]]*Regiones[[#This Row],[% de nivel de servicio]],"") -> 0 | O42: =IFERROR(Regiones[[#This Row],[Aten < 20 seg]]/Regiones[[#This Row],[Contestadas]],"") -> 0 | P42: =IFERROR(Regiones[[#This Row],[AHT]]*86400,"error") -> 184 | Q42: =+VLOOKUP(Regiones[[#This Row],[Cola]],Tabla6[#Data],2,0) -> BUPA | R42: =+VLOOKUP(Regiones[[#This Row],[Cola]],Tabla68[],2,0) -> #N/A
B43: 46204 | C43: 0.47916667 | D43: BUPA_Cobros | E43: voz | F43: 15 | G43: 16 | H43: 0 | I43: 0.44 | J43: 0.0041319444 | K43: =INT(Regiones[[#This Row],[Fecha]]) -> 46204 | L43: =IFERROR(Regiones[[#This Row],[Contestadas]]/Regiones[[#This Row],[Ofrecidas]],"") -> 1.0666667 | M43: =IFERROR(Regiones[[#This Row],[Ofrecidas]]*Regiones[[#This Row],[% de nivel de servicio]],"") -> 6.6 | O43: =IFERROR(Regiones[[#This Row],[Aten < 20 seg]]/Regiones[[#This Row],[Contestadas]],"") -> 0.4125 | P43: =IFERROR(Regiones[[#This Row],[AHT]]*86400,"error") -> 357 | Q43: =+VLOOKUP(Regiones[[#This Row],[Cola]],Tabla6[#Data],2,0) -> BUPA | R43: =+VLOOKUP(Regiones[[#This Row],[Cola]],Tabla68[],2,0) -> #N/A
B44: 46204 | C44: 0.47916667 | D44: BUPA_Acceso_Web | E44: voz | F44: 0 | G44: 1 | H44: 0 | I44: 0 | J44: 0.0037268519 | K44: =INT(Regiones[[#This Row],[Fecha]]) -> 46204 | L44: =IFERROR(Regiones[[#This Row],[Contestadas]]/Regiones[[#This Row],[Ofrecidas]],"") | M44: =IFERROR(Regiones[[#This Row],[Ofrecidas]]*Regiones[[#This Row],[% de nivel de servicio]],"") -> 0 | O44: =IFERROR(Regiones[[#This Row],[Aten < 20 seg]]/Regiones[[#This Row],[Contestadas]],"") -> 0 | P44: =IFERROR(Regiones[[#This Row],[AHT]]*86400,"error") -> 322 | Q44: =+VLOOKUP(Regiones[[#This Row],[Cola]],Tabla6[#Data],2,0) -> BUPA | R44: =+VLOOKUP(Regiones[[#This Row],[Cola]],Tabla68[],2,0) -> #N/A
B45: 46204 | C45: 0.47916667 | D45: BUPA_Consulta_Liquidacion_Reembolso | E45: voz | F45: 2 | G45: 2 | H45: 0 | I45: 0.5 | J45: 0.0053703704 | K45: =INT(Regiones[[#This Row],[Fecha]]) -> 46204 | L45: =IFERROR(Regiones[[#This Row],[Contestadas]]/Regiones[[#This Row],[Ofrecidas]],"") -> 1 | M45: =IFERROR(Regiones[[#This Row],[Ofrecidas]]*Regiones[[#This Row],[% de nivel de servicio]],"") -> 1 | O45: =IFERROR(Regiones[[#This Row],[Aten < 20 seg]]/Regiones[[#This Row],[Contestadas]],"") -> 0.5 | P45: =IFERROR(Regiones[[#This Row],[AHT]]*86400,"error") -> 464 | Q45: =+VLOOKUP(Regiones[[#This Row],[Cola]],Tabla6[#Data],2,0) -> BUPA | R45: =+VLOOKUP(Regiones[[#This Row],[Cola]],Tabla68[],2,0) -> #N/A
B46: 46204 | C46: 0.47916667 | D46: BUPA_Consultas_Cobertura | E46: voz | F46: 0 | G46: 1 | H46: 0 | I46: 0 | J46: 0.0047800926 | K46: =INT(Regiones[[#This Row],[Fecha]]) -> 46204 | L46: =IFERROR(Regiones[[#This Row],[Contestadas]]/Regiones[[#This Row],[Ofrecidas]],"") | M46: =IFERROR(Regiones[[#This Row],[Ofrecidas]]*Regiones[[#This Row],[% de nivel de servicio]],"") -> 0 | O46: =IFERROR(Regiones[[#This Row],[Aten < 20 seg]]/Regiones[[#This Row],[Contestadas]],"") -> 0 | P46: =IFERROR(Regiones[[#This Row],[AHT]]*86400,"error") -> 413 | Q46: =+VLOOKUP(Regiones[[#This Row],[Cola]],Tabla6[#Data],2,0) -> BUPA | R46: =+VLOOKUP(Regiones[[#This Row],[Cola]],Tabla68[],2,0) -> #N/A
B47: 46204 | C47: 0.47916667 | D47: BUPA_Modificacion_Datos_Personales | E47: voz | F47: 1 | G47: 1 | H47: 0 | I47: 0 | J47: 0.0048148148 | K47: =INT(Regiones[[#This Row],[Fecha]]) -> 46204 | L47: =IFERROR(Regiones[[#This Row],[Contestadas]]/Regiones[[#This Row],[Ofrecidas]],"") -> 1 | M47: =IFERROR(Regiones[[#This Row],[Ofrecidas]]*Regiones[[#This Row],[% de nivel de servicio]],"") -> 0 | O47: =IFERROR(Regiones[[#This Row],[Aten < 20 seg]]/Regiones[[#This Row],[Contestadas]],"") -> 0 | P47: =IFERROR(Regiones[[#This Row],[AHT]]*86400,"error") -> 416 | Q47: =+VLOOKUP(Regiones[[#This Row],[Cola]],Tabla6[#Data],2,0) -> BUPA | R47: =+VLOOKUP(Regiones[[#This Row],[Cola]],Tabla68[],2,0) -> #N/A
... B49: 46204 | C49: 0.47916667 | D49: BUPA_Reembolsos | E49: voz | F49: 7 | G49: 7 | H49: 0 | I49: 0.43 | J49: 0.0056481481 | K49: =INT(Regiones[[#This Row],[Fecha]]) -> 46204 | L49: =IFERROR(Regiones[[#This Row],[Contestadas]]/Regiones[[#This Row],[Ofrecidas]],"") -> 1 | M49: =IFERROR(Regiones[[#This Row],[Ofrecidas]]*Regiones[[#This Row],[% de nivel de servicio]],"") -> 3.01 | O49: =IFERROR(Regiones[[#This Row],[Aten < 20 seg]]/Regiones[[#This Row],[Contestadas]],"") -> 0.43 | P49: =IFERROR(Regiones[[#This Row],[AHT]]*86400,"error") -> 488 | Q49: =+VLOOKUP(Regiones[[#This Row],[Cola]],Tabla6[#Data],2,0) -> BUPA | R49: =+VLOOKUP(Regiones[[#This Row],[Cola]],Tabla68[],2,0) -> #N/A
B50: 46204 | C50: 0.47916667 | D50: BUPA_Seguro_Colectivo_Representante | E50: voz | F50: 1 | G50: 1 | H50: 0 | I50: 1 | J50: None | K50: =INT(Regiones[[#This Row],[Fecha]]) -> 46204 | L50: =IFERROR(Regiones[[#This Row],[Contestadas]]/Regiones[[#This Row],[Ofrecidas]],"") -> 1 | M50: =IFERROR(Regiones[[#This Row],[Ofrecidas]]*Regiones[[#This Row],[% de nivel de servicio]],"") -> 1 | O50: =IFERROR(Regiones[[#This Row],[Aten < 20 seg]]/Regiones[[#This Row],[Contestadas]],"") -> 1 | P50: =IFERROR(Regiones[[#This Row],[AHT]]*86400,"error") -> error | Q50: =+VLOOKUP(Regiones[[#This Row],[Cola]],Tabla6[#Data],2,0) -> BUPA | R50: =+VLOOKUP(Regiones[[#This Row],[Cola]],Tabla68[],2,0) -> #N/A
B51: 46204 | C51: 0.47916667 | D51: BUPA_Servicio_al_Cliente_Nacional | E51: voz | F51: 2 | G51: 2 | H51: 0 | I51: 0.5 | J51: 0.0064467593 | K51: =INT(Regiones[[#This Row],[Fecha]]) -> 46204 | L51: =IFERROR(Regiones[[#This Row],[Contestadas]]/Regiones[[#This Row],[Ofrecidas]],"") -> 1 | M51: =IFERROR(Regiones[[#This Row],[Ofrecidas]]*Regiones[[#This Row],[% de nivel de servicio]],"") -> 1 | O51: =IFERROR(Regiones[[#This Row],[Aten < 20 seg]]/Regiones[[#This Row],[Contestadas]],"") -> 0.5 | P51: =IFERROR(Regiones[[#This Row],[AHT]]*86400,"error") -> 557 | Q51: =+VLOOKUP(Regiones[[#This Row],[Cola]],Tabla6[#Data],2,0) -> BUPA | R51: =+VLOOKUP(Regiones[[#This Row],[Cola]],Tabla68[],2,0) -> #N/A
B52: 46204 | C52: 0.47916667 | D52: BUPA_Seguros_Empresas_Otras_Consultas | E52: voz | F52: 1 | G52: 2 | H52: 0 | I52: 0.5 | J52: 0.0031134259 | K52: =INT(Regiones[[#This Row],[Fecha]]) -> 46204 | L52: =IFERROR(Regiones[[#This Row],[Contestadas]]/Regiones[[#This Row],[Ofrecidas]],"") -> 2 | M52: =IFERROR(Regiones[[#This Row],[Ofrecidas]]*Regiones[[#This Row],[% de nivel de servicio]],"") -> 0.5 | O52: =IFERROR(Regiones[[#This Row],[Aten < 20 seg]]/Regiones[[#This Row],[Contestadas]],"") -> 0.25 | P52: =IFERROR(Regiones[[#This Row],[AHT]]*86400,"error") -> 269 | Q52: =+VLOOKUP(Regiones[[#This Row],[Cola]],Tabla6[#Data],2,0) -> BUPA | R52: =+VLOOKUP(Regiones[[#This Row],[Cola]],Tabla68[],2,0) -> #N/A
B53: 46204 | C53: 0.5 | D53: BUPA_Seguros_Empresas_Otras_Consultas | E53: voz | F53: 1 | G53: 0 | H53: 1 | I53: 0 | J53: None | K53: =INT(Regiones[[#This Row],[Fecha]]) -> 46204 | L53: =IFERROR(Regiones[[#This Row],[Contestadas]]/Regiones[[#This Row],[Ofrecidas]],"") -> 0 | M53: =IFERROR(Regiones[[#This Row],[Ofrecidas]]*Regiones[[#This Row],[% de nivel de servicio]],"") -> 0 | O53: =IFERROR(Regiones[[#This Row],[Aten < 20 seg]]/Regiones[[#This Row],[Contestadas]],"") | P53: =IFERROR(Regiones[[#This Row],[AHT]]*86400,"error") -> error | Q53: =+VLOOKUP(Regiones[[#This Row],[Cola]],Tabla6[#Data],2,0) -> BUPA | R53: =+VLOOKUP(Regiones[[#This Row],[Cola]],Tabla68[],2,0) -> #N/A
B54: 46204 | C54: 0.5 | D54: BUPA_Servicio_al_Cliente_Nacional | E54: voz | F54: 2 | G54: 1 | H54: 1 | I54: 0.5 | J54: 0.0029166667 | K54: =INT(Regiones[[#This Row],[Fecha]]) -> 46204 | L54: =IFERROR(Regiones[[#This Row],[Contestadas]]/Regiones[[#This Row],[Ofrecidas]],"") -> 0.5 | M54: =IFERROR(Regiones[[#This Row],[Ofrecidas]]*Regiones[[#This Row],[% de nivel de servicio]],"") -> 1 | O54: =IFERROR(Regiones[[#This Row],[Aten < 20 seg]]/Regiones[[#This Row],[Contestadas]],"") -> 1 | P54: =IFERROR(Regiones[[#This Row],[AHT]]*86400,"error") -> 252 | Q54: =+VLOOKUP(Regiones[[#This Row],[Cola]],Tabla6[#Data],2,0) -> BUPA | R54: =+VLOOKUP(Regiones[[#This Row],[Cola]],Tabla68[],2,0) -> #N/A
B55: 46204 | C55: 0.5 | D55: BUPA_Seguro_Colectivo_Representante | E55: voz | F55: 1 | G55: 1 | H55: 0 | I55: 1 | J55: 0.0052546296 | K55: =INT(Regiones[[#This Row],[Fecha]]) -> 46204 | L55: =IFERROR(Regiones[[#This Row],[Contestadas]]/Regiones[[#This Row],[Ofrecidas]],"") -> 1 | M55: =IFERROR(Regiones[[#This Row],[Ofrecidas]]*Regiones[[#This Row],[% de nivel de servicio]],"") -> 1 | O55: =IFERROR(Regiones[[#This Row],[Aten < 20 seg]]/Regiones[[#This Row],[Contestadas]],"") -> 1 | P55: =IFERROR(Regiones[[#This Row],[AHT]]*86400,"error") -> 454 | Q55: =+VLOOKUP(Regiones[[#This Row],[Cola]],Tabla6[#Data],2,0) -> BUPA | R55: =+VLOOKUP(Regiones[[#This Row],[Cola]],Tabla68[],2,0) -> #N/A
B56: 46204 | C56: 0.5 | D56: BUPA_Cambio_medio_de_pago | E56: voz | F56: 4 | G56: 3 | H56: 0 | I56: 0.33 | J56: 0.003587963 | K56: =INT(Regiones[[#This Row],[Fecha]]) -> 46204 | L56: =IFERROR(Regiones[[#This Row],[Contestadas]]/Regiones[[#This Row],[Ofrecidas]],"") -> 0.75 | M56: =IFERROR(Regiones[[#This Row],[Ofrecidas]]*Regiones[[#This Row],[% de nivel de servicio]],"") -> 1.32 | O56: =IFERROR(Regiones[[#This Row],[Aten < 20 seg]]/Regiones[[#This Row],[Contestadas]],"") -> 0.44 | P56: =IFERROR(Regiones[[#This Row],[AHT]]*86400,"error") -> 310 | Q56: =+VLOOKUP(Regiones[[#This Row],[Cola]],Tabla6[#Data],2,0) -> BUPA | R56: =+VLOOKUP(Regiones[[#This Row],[Cola]],Tabla68[],2,0) -> #N/A
B57: 46204 | C57: 0.5 | D57: BUPA_Cobros | E57: voz | F57: 18 | G57: 17 | H57: 0 | I57: 0.59 | J57: 0.0045138889 | K57: =INT(Regiones[[#This Row],[Fecha]]) -> 46204 | L57: =IFERROR(Regiones[[#This Row],[Contestadas]]/Regiones[[#This Row],[Ofrecidas]],"") -> 0.94444444 | M57: =IFERROR(Regiones[[#This Row],[Ofrecidas]]*Regiones[[#This Row],[% de nivel de servicio]],"") -> 10.62 | O57: =IFERROR(Regiones[[#This Row],[Aten < 20 seg]]/Regiones[[#This Row],[Contestadas]],"") -> 0.62470588 | P57: =IFERROR(Regiones[[#This Row],[AHT]]*86400,"error") -> 390 | Q57: =+VLOOKUP(Regiones[[#This Row],[Cola]],Tabla6[#Data],2,0) -> BUPA | R57: =+VLOOKUP(Regiones[[#This Row],[Cola]],Tabla68[],2,0) -> #N/A
B58: 46204 | C58: 0.5 | D58: BUPA_Otras_Consultas | E58: voz | F58: 16 | G58: 14 | H58: 1 | I58: 0.53 | J58: 0.0042708333 | K58: =INT(Regiones[[#This Row],[Fecha]]) -> 46204 | L58: =IFERROR(Regiones[[#This Row],[Contestadas]]/Regiones[[#This Row],[Ofrecidas]],"") -> 0.875 | M58: =IFERROR(Regiones[[#This Row],[Ofrecidas]]*Regiones[[#This Row],[% de nivel de servicio]],"") -> 8.48 | O58: =IFERROR(Regiones[[#This Row],[Aten < 20 seg]]/Regiones[[#This Row],[Contestadas]],"") -> 0.60571429 | P58: =IFERROR(Regiones[[#This Row],[AHT]]*86400,"error") -> 369 | Q58: =+VLOOKUP(Regiones[[#This Row],[Cola]],Tabla6[#Data],2,0) -> BUPA | R58: =+VLOOKUP(Regiones[[#This Row],[Cola]],Tabla68[],2,0) -> #N/A
B59: 46204 | C59: 0.5 | D59: BUPA_Reembolsos | E59: voz | F59: 9 | G59: 6 | H59: 2 | I59: 0.62 | J59: 0.0074884259 | K59: =INT(Regiones[[#This Row],[Fecha]]) -> 46204 | L59: =IFERROR(Regiones[[#This Row],[Contestadas]]/Regiones[[#This Row],[Ofrecidas]],"") -> 0.66666667 | M59: =IFERROR(Regiones[[#This Row],[Ofrecidas]]*Regiones[[#This Row],[% de nivel de servicio]],"") -> 5.58 | O59: =IFERROR(Regiones[[#This Row],[Aten < 20 seg]]/Regiones[[#This Row],[Contestadas]],"") -> 0.93 | P59: =IFERROR(Regiones[[#This Row],[AHT]]*86400,"error") -> 647 | Q59: =+VLOOKUP(Regiones[[#This Row],[Cola]],Tabla6[#Data],2,0) -> BUPA | R59: =+VLOOKUP(Regiones[[#This Row],[Cola]],Tabla68[],2,0) -> #N/A
B60: 46204 | C60: 0.5 | D60: BUPA_Consultas_Cobertura | E60: voz | F60: 1 | G60: 1 | H60: 0 | I60: 0 | J60: 0.0046643519 | K60: =INT(Regiones[[#This Row],[Fecha]]) -> 46204 | L60: =IFERROR(Regiones[[#This Row],[Contestadas]]/Regiones[[#This Row],[Ofrecidas]],"") -> 1 | M60: =IFERROR(Regiones[[#This Row],[Ofrecidas]]*Regiones[[#This Row],[% de nivel de servicio]],"") -> 0 | O60: =IFERROR(Regiones[[#This Row],[Aten < 20 seg]]/Regiones[[#This Row],[Contestadas]],"") -> 0 | P60: =IFERROR(Regiones[[#This Row],[AHT]]*86400,"error") -> 403 | Q60: =+VLOOKUP(Regiones[[#This Row],[Cola]],Tabla6[#Data],2,0) -> BUPA | R60: =+VLOOKUP(Regiones[[#This Row],[Cola]],Tabla68[],2,0) -> #N/A
B61: 46204 | C61: 0.5 | D61: BUPA_Modificacion_Datos_Personales | E61: voz | F61: 1 | G61: 1 | H61: 0 | I61: 1 | J61: 0.0051736111 | K61: =INT(Regiones[[#This Row],[Fecha]]) -> 46204 | L61: =IFERROR(Regiones[[#This Row],[Contestadas]]/Regiones[[#This Row],[Ofrecidas]],"") -> 1 | M61: =IFERROR(Regiones[[#This Row],[Ofrecidas]]*Regiones[[#This Row],[% de nivel de servicio]],"") -> 1 | O61: =IFERROR(Regiones[[#This Row],[Aten < 20 seg]]/Regiones[[#This Row],[Contestadas]],"") -> 1 | P61: =IFERROR(Regiones[[#This Row],[AHT]]*86400,"error") -> 447 | Q61: =+VLOOKUP(Regiones[[#This Row],[Cola]],Tabla6[#Data],2,0) -> BUPA | R61: =+VLOOKUP(Regiones[[#This Row],[Cola]],Tabla68[],2,0) -> #N/A
B62: 46204 | C62: 0.52083333 | D62: BUPA_Cobros | E62: voz | F62: 7 | G62: 8 | H62: 0 | I62: 0.75 | J62: 0.0060300926 | K62: =INT(Regiones[[#This Row],[Fecha]]) -> 46204 | L62: =IFERROR(Regiones[[#This Row],[Contestadas]]/Regiones[[#This Row],[Ofrecidas]],"") -> 1.1428571 | M62: =IFERROR(Regiones[[#This Row],[Ofrecidas]]*Regiones[[#This Row],[% de nivel de servicio]],"") -> 5.25 | O62: =IFERROR(Regiones[[#This Row],[Aten < 20 seg]]/Regiones[[#This Row],[Contestadas]],"") -> 0.65625 | P62: =IFERROR(Regiones[[#This Row],[AHT]]*86400,"error") -> 521 | Q62: =+VLOOKUP(Regiones[[#This Row],[Cola]],Tabla6[#Data],2,0) -> BUPA | R62: =+VLOOKUP(Regiones[[#This Row],[Cola]],Tabla68[],2,0) -> #N/A
B63: 46204 | C63: 0.52083333 | D63: BUPA_Consultas_Cobertura | E63: voz | F63: 1 | G63: 1 | H63: 0 | I63: 0 | J63: 0.0031712963 | K63: =INT(Regiones[[#This Row],[Fecha]]) -> 46204 | L63: =IFERROR(Regiones[[#This Row],[Contestadas]]/Regiones[[#This Row],[Ofrecidas]],"") -> 1 | M63: =IFERROR(Regiones[[#This Row],[Ofrecidas]]*Regiones[[#This Row],[% de nivel de servicio]],"") -> 0 | O63: =IFERROR(Regiones[[#This Row],[Aten < 20 seg]]/Regiones[[#This Row],[Contestadas]],"") -> 0 | P63: =IFERROR(Regiones[[#This Row],[AHT]]*86400,"error") -> 274 | Q63: =+VLOOKUP(Regiones[[#This Row],[Cola]],Tabla6[#Data],2,0) -> BUPA | R63: =+VLOOKUP(Regiones[[#This Row],[Cola]],Tabla68[],2,0) -> #N/A
B64: 46204 | C64: 0.52083333 | D64: BUPA_Otras_Consultas | E64: voz | F64: 10 | G64: 11 | H64: 1 | I64: 0.58 | J64: 0.0045138889 | K64: =INT(Regiones[[#This Row],[Fecha]]) -> 46204 | L64: =IFERROR(Regiones[[#This Row],[Contestadas]]/Regiones[[#This Row],[Ofrecidas]],"") -> 1.1 | M64: =IFERROR(Regiones[[#This Row],[Ofrecidas]]*Regiones[[#This Row],[% de nivel de servicio]],"") -> 5.8 | O64: =IFERROR(Regiones[[#This Row],[Aten < 20 seg]]/Regiones[[#This Row],[Contestadas]],"") -> 0.52727273 | P64: =IFERROR(Regiones[[#This Row],[AHT]]*86400,"error") -> 390 | Q64: =+VLOOKUP(Regiones[[#This Row],[Cola]],Tabla6[#Data],2,0) -> BUPA | R64: =+VLOOKUP(Regiones[[#This Row],[Cola]],Tabla68[],2,0) -> #N/A
B65: 46204 | C65: 0.52083333 | D65: BUPA_Reembolsos | E65: voz | F65: 8 | G65: 9 | H65: 0 | I65: 0.89 | J65: 0.0040277778 | K65: =INT(Regiones[[#This Row],[Fecha]]) -> 46204 | L65: =IFERROR(Regiones[[#This Row],[Contestadas]]/Regiones[[#This Row],[Ofrecidas]],"") -> 1.125 | M65: =IFERROR(Regiones[[#This Row],[Ofrecidas]]*Regiones[[#This Row],[% de nivel de servicio]],"") -> 7.12 | O65: =IFERROR(Regiones[[#This Row],[Aten < 20 seg]]/Regiones[[#This Row],[Contestadas]],"") -> 0.79111111 | P65: =IFERROR(Regiones[[#This Row],[AHT]]*86400,"error") -> 348 | Q65: =+VLOOKUP(Regiones[[#This Row],[Cola]],Tabla6[#Data],2,0) -> BUPA | R65: =+VLOOKUP(Regiones[[#This Row],[Cola]],Tabla68[],2,0) -> #N/A
... B67: 46204 | C67: 0.52083333 | D67: BUPA_Cambio_medio_de_pago | E67: voz | F67: 3 | G67: 4 | H67: 0 | I67: 0.25 | J67: 0.004224537 | K67: =INT(Regiones[[#This Row],[Fecha]]) -> 46204 | L67: =IFERROR(Regiones[[#This Row],[Contestadas]]/Regiones[[#This Row],[Ofrecidas]],"") -> 1.3333333 | M67: =IFERROR(Regiones[[#This Row],[Ofrecidas]]*Regiones[[#This Row],[% de nivel de servicio]],"") -> 0.75 | O67: =IFERROR(Regiones[[#This Row],[Aten < 20 seg]]/Regiones[[#This Row],[Contestadas]],"") -> 0.1875 | P67: =IFERROR(Regiones[[#This Row],[AHT]]*86400,"error") -> 365 | Q67: =+VLOOKUP(Regiones[[#This Row],[Cola]],Tabla6[#Data],2,0) -> BUPA | R67: =+VLOOKUP(Regiones[[#This Row],[Cola]],Tabla68[],2,0) -> #N/A
B68: 46204 | C68: 0.52083333 | D68: BUPA_Seguro_Colectivo_Representante | E68: voz | F68: 0 | G68: 0 | H68: 0 | I68: nan | J68: 0.0082638889 | K68: =INT(Regiones[[#This Row],[Fecha]]) -> 46204 | L68: =IFERROR(Regiones[[#This Row],[Contestadas]]/Regiones[[#This Row],[Ofrecidas]],"") | M68: =IFERROR(Regiones[[#This Row],[Ofrecidas]]*Regiones[[#This Row],[% de nivel de servicio]],"") | O68: =IFERROR(Regiones[[#This Row],[Aten < 20 seg]]/Regiones[[#This Row],[Contestadas]],"") | P68: =IFERROR(Regiones[[#This Row],[AHT]]*86400,"error") -> 714 | Q68: =+VLOOKUP(Regiones[[#This Row],[Cola]],Tabla6[#Data],2,0) -> BUPA | R68: =+VLOOKUP(Regiones[[#This Row],[Cola]],Tabla68[],2,0) -> #N/A
B69: 46204 | C69: 0.52083333 | D69: BUPA_Servicio_al_Cliente_Nacional | E69: voz | F69: 2 | G69: 2 | H69: 0 | I69: 1 | J69: 0.0054282407 | K69: =INT(Regiones[[#This Row],[Fecha]]) -> 46204 | L69: =IFERROR(Regiones[[#This Row],[Contestadas]]/Regiones[[#This Row],[Ofrecidas]],"") -> 1 | M69: =IFERROR(Regiones[[#This Row],[Ofrecidas]]*Regiones[[#This Row],[% de nivel de servicio]],"") -> 2 | O69: =IFERROR(Regiones[[#This Row],[Aten < 20 seg]]/Regiones[[#This Row],[Contestadas]],"") -> 1 | P69: =IFERROR(Regiones[[#This Row],[AHT]]*86400,"error") -> 469 | Q69: =+VLOOKUP(Regiones[[#This Row],[Cola]],Tabla6[#Data],2,0) -> BUPA | R69: =+VLOOKUP(Regiones[[#This Row],[Cola]],Tabla68[],2,0) -> #N/A
B70: 46204 | C70: 0.52083333 | D70: BUPA_Seguros_Empresas_Otras_Consultas | E70: voz | F70: 1 | G70: 1 | H70: 0 | I70: 0 | J70: 0.0049189815 | K70: =INT(Regiones[[#This Row],[Fecha]]) -> 46204 | L70: =IFERROR(Regiones[[#This Row],[Contestadas]]/Regiones[[#This Row],[Ofrecidas]],"") -> 1 | M70: =IFERROR(Regiones[[#This Row],[Ofrecidas]]*Regiones[[#This Row],[% de nivel de servicio]],"") -> 0 | O70: =IFERROR(Regiones[[#This Row],[Aten < 20 seg]]/Regiones[[#This Row],[Contestadas]],"") -> 0 | P70: =IFERROR(Regiones[[#This Row],[AHT]]*86400,"error") -> 425 | Q70: =+VLOOKUP(Regiones[[#This Row],[Cola]],Tabla6[#Data],2,0) -> BUPA | R70: =+VLOOKUP(Regiones[[#This Row],[Cola]],Tabla68[],2,0) -> #N/A
B71: 46204 | C71: 0.54166667 | D71: BUPA_Servicio_al_Cliente_Nacional | E71: voz | F71: 4 | G71: 3 | H71: 1 | I71: 0 | J71: 0.0089236111 | K71: =INT(Regiones[[#This Row],[Fecha]]) -> 46204 | L71: =IFERROR(Regiones[[#This Row],[Contestadas]]/Regiones[[#This Row],[Ofrecidas]],"") -> 0.75 | M71: =IFERROR(Regiones[[#This Row],[Ofrecidas]]*Regiones[[#This Row],[% de nivel de servicio]],"") -> 0 | O71: =IFERROR(Regiones[[#This Row],[Aten < 20 seg]]/Regiones[[#This Row],[Contestadas]],"") -> 0 | P71: =IFERROR(Regiones[[#This Row],[AHT]]*86400,"error") -> 771 | Q71: =+VLOOKUP(Regiones[[#This Row],[Cola]],Tabla6[#Data],2,0) -> BUPA | R71: =+VLOOKUP(Regiones[[#This Row],[Cola]],Tabla68[],2,0) -> #N/A
B72: 46204 | C72: 0.54166667 | D72: BUPA_Seguros_Empresas_Otras_Consultas | E72: voz | F72: 1 | G72: 1 | H72: 0 | I72: 0 | J72: None | K72: =INT(Regiones[[#This Row],[Fecha]]) -> 46204 | L72: =IFERROR(Regiones[[#This Row],[Contestadas]]/Regiones[[#This Row],[Ofrecidas]],"") -> 1 | M72: =IFERROR(Regiones[[#This Row],[Ofrecidas]]*Regiones[[#This Row],[% de nivel de servicio]],"") -> 0 | O72: =IFERROR(Regiones[[#This Row],[Aten < 20 seg]]/Regiones[[#This Row],[Contestadas]],"") -> 0 | P72: =IFERROR(Regiones[[#This Row],[AHT]]*86400,"error") -> error | Q72: =+VLOOKUP(Regiones[[#This Row],[Cola]],Tabla6[#Data],2,0) -> BUPA | R72: =+VLOOKUP(Regiones[[#This Row],[Cola]],Tabla68[],2,0) -> #N/A
B73: 46204 | C73: 0.54166667 | D73: BUPA_Cambio_medio_de_pago | E73: voz | F73: 0 | G73: 0 | H73: 0 | I73: nan | J73: 0.0040046296 | K73: =INT(Regiones[[#This Row],[Fecha]]) -> 46204 | L73: =IFERROR(Regiones[[#This Row],[Contestadas]]/Regiones[[#This Row],[Ofrecidas]],"") | M73: =IFERROR(Regiones[[#This Row],[Ofrecidas]]*Regiones[[#This Row],[% de nivel de servicio]],"") | O73: =IFERROR(Regiones[[#This Row],[Aten < 20 seg]]/Regiones[[#This Row],[Contestadas]],"") | P73: =IFERROR(Regiones[[#This Row],[AHT]]*86400,"error") -> 346 | Q73: =+VLOOKUP(Regiones[[#This Row],[Cola]],Tabla6[#Data],2,0) -> BUPA | R73: =+VLOOKUP(Regiones[[#This Row],[Cola]],Tabla68[],2,0) -> #N/A
B74: 46204 | C74: 0.54166667 | D74: BUPA_Cobros | E74: voz | F74: 9 | G74: 7 | H74: 1 | I74: 0.25 | J74: 0.0047453704 | K74: =INT(Regiones[[#This Row],[Fecha]]) -> 46204 | L74: =IFERROR(Regiones[[#This Row],[Contestadas]]/Regiones[[#This Row],[Ofrecidas]],"") -> 0.77777778 | M74: =IFERROR(Regiones[[#This Row],[Ofrecidas]]*Regiones[[#This Row],[% de nivel de servicio]],"") -> 2.25 | O74: =IFERROR(Regiones[[#This Row],[Aten < 20 seg]]/Regiones[[#This Row],[Contestadas]],"") -> 0.32142857 | P74: =IFERROR(Regiones[[#This Row],[AHT]]*86400,"error") -> 410 | Q74: =+VLOOKUP(Regiones[[#This Row],[Cola]],Tabla6[#Data],2,0) -> BUPA | R74: =+VLOOKUP(Regiones[[#This Row],[Cola]],Tabla68[],2,0) -> #N/A
B75: 46204 | C75: 0.54166667 | D75: BUPA_Consulta_Liquidacion_Reembolso | E75: voz | F75: 1 | G75: 1 | H75: 0 | I75: 0 | J75: 0.0051851852 | K75: =INT(Regiones[[#This Row],[Fecha]]) -> 46204 | L75: =IFERROR(Regiones[[#This Row],[Contestadas]]/Regiones[[#This Row],[Ofrecidas]],"") -> 1 | M75: =IFERROR(Regiones[[#This Row],[Ofrecidas]]*Regiones[[#This Row],[% de nivel de servicio]],"") -> 0 | O75: =IFERROR(Regiones[[#This Row],[Aten < 20 seg]]/Regiones[[#This Row],[Contestadas]],"") -> 0 | P75: =IFERROR(Regiones[[#This Row],[AHT]]*86400,"error") -> 448 | Q75: =+VLOOKUP(Regiones[[#This Row],[Cola]],Tabla6[#Data],2,0) -> BUPA | R75: =+VLOOKUP(Regiones[[#This Row],[Cola]],Tabla68[],2,0) -> #N/A
B76: 46204 | C76: 0.54166667 | D76: BUPA_Reembolsos | E76: voz | F76: 3 | G76: 2 | H76: 1 | I76: 0.33 | J76: 0.0064467593 | K76: =INT(Regiones[[#This Row],[Fecha]]) -> 46204 | L76: =IFERROR(Regiones[[#This Row],[Contestadas]]/Regiones[[#This Row],[Ofrecidas]],"") -> 0.66666667 | M76: =IFERROR(Regiones[[#This Row],[Ofrecidas]]*Regiones[[#This Row],[% de nivel de servicio]],"") -> 0.99 | O76: =IFERROR(Regiones[[#This Row],[Aten < 20 seg]]/Regiones[[#This Row],[Contestadas]],"") -> 0.495 | P76: =IFERROR(Regiones[[#This Row],[AHT]]*86400,"error") -> 557 | Q76: =+VLOOKUP(Regiones[[#This Row],[Cola]],Tabla6[#Data],2,0) -> BUPA | R76: =+VLOOKUP(Regiones[[#This Row],[Cola]],Tabla68[],2,0) -> #N/A
B77: 46204 | C77: 0.54166667 | D77: BUPA_Otras_Consultas | E77: voz | F77: 18 | G77: 16 | H77: 2 | I77: 0.44 | J77: 0.006712963 | K77: =INT(Regiones[[#This Row],[Fecha]]) -> 46204 | L77: =IFERROR(Regiones[[#This Row],[Contestadas]]/Regiones[[#This Row],[Ofrecidas]],"") -> 0.88888889 | M77: =IFERROR(Regiones[[#This Row],[Ofrecidas]]*Regiones[[#This Row],[% de nivel de servicio]],"") -> 7.92 | O77: =IFERROR(Regiones[[#This Row],[Aten < 20 seg]]/Regiones[[#This Row],[Contestadas]],"") -> 0.495 | P77: =IFERROR(Regiones[[#This Row],[AHT]]*86400,"error") -> 580 | Q77: =+VLOOKUP(Regiones[[#This Row],[Cola]],Tabla6[#Data],2,0) -> BUPA | R77: =+VLOOKUP(Regiones[[#This Row],[Cola]],Tabla68[],2,0) -> #N/A
B78: 46204 | C78: 0.5625 | D78: BUPA_Acceso_Web | E78: voz | F78: 1 | G78: 1 | H78: 0 | I78: 0 | J78: 0.0038078704 | K78: =INT(Regiones[[#This Row],[Fecha]]) -> 46204 | L78: =IFERROR(Regiones[[#This Row],[Contestadas]]/Regiones[[#This Row],[Ofrecidas]],"") -> 1 | M78: =IFERROR(Regiones[[#This Row],[Ofrecidas]]*Regiones[[#This Row],[% de nivel de servicio]],"") -> 0 | O78: =IFERROR(Regiones[[#This Row],[Aten < 20 seg]]/Regiones[[#This Row],[Contestadas]],"") -> 0 | P78: =IFERROR(Regiones[[#This Row],[AHT]]*86400,"error") -> 329 | Q78: =+VLOOKUP(Regiones[[#This Row],[Cola]],Tabla6[#Data],2,0) -> BUPA | R78: =+VLOOKUP(Regiones[[#This Row],[Cola]],Tabla68[],2,0) -> #N/A
B79: 46204 | C79: 0.5625 | D79: BUPA_Consultas_Cobertura | E79: voz | F79: 1 | G79: 1 | H79: 0 | I79: 0 | J79: 0.0052546296 | K79: =INT(Regiones[[#This Row],[Fecha]]) -> 46204 | L79: =IFERROR(Regiones[[#This Row],[Contestadas]]/Regiones[[#This Row],[Ofrecidas]],"") -> 1 | M79: =IFERROR(Regiones[[#This Row],[Ofrecidas]]*Regiones[[#This Row],[% de nivel de servicio]],"") -> 0 | O79: =IFERROR(Regiones[[#This Row],[Aten < 20 seg]]/Regiones[[#This Row],[Contestadas]],"") -> 0 | P79: =IFERROR(Regiones[[#This Row],[AHT]]*86400,"error") -> 454 | Q79: =+VLOOKUP(Regiones[[#This Row],[Cola]],Tabla6[#Data],2,0) -> BUPA | R79: =+VLOOKUP(Regiones[[#This Row],[Cola]],Tabla68[],2,0) -> #N/A
B80: 46204 | C80: 0.5625 | D80: BUPA_Cobros | E80: voz | F80: 5 | G80: 6 | H80: 0 | I80: 0.83 | J80: 0.0067708333 | K80: =INT(Regiones[[#This Row],[Fecha]]) -> 46204 | L80: =IFERROR(Regiones[[#This Row],[Contestadas]]/Regiones[[#This Row],[Ofrecidas]],"") -> 1.2 | M80: =IFERROR(Regiones[[#This Row],[Ofrecidas]]*Regiones[[#This Row],[% de nivel de servicio]],"") -> 4.15 | O80: =IFERROR(Regiones[[#This Row],[Aten < 20 seg]]/Regiones[[#This Row],[Contestadas]],"") -> 0.69166667 | P80: =IFERROR(Regiones[[#This Row],[AHT]]*86400,"error") -> 585 | Q80: =+VLOOKUP(Regiones[[#This Row],[Cola]],Tabla6[#Data],2,0) -> BUPA | R80: =+VLOOKUP(Regiones[[#This Row],[Cola]],Tabla68[],2,0) -> #N/A
B81: 46204 | C81: 0.5625 | D81: BUPA_Reembolsos | E81: voz | F81: 5 | G81: 5 | H81: 0 | I81: 0.8 | J81: 0.004212963 | K81: =INT(Regiones[[#This Row],[Fecha]]) -> 46204 | L81: =IFERROR(Regiones[[#This Row],[Contestadas]]/Regiones[[#This Row],[Ofrecidas]],"") -> 1 | M81: =IFERROR(Regiones[[#This Row],[Ofrecidas]]*Regiones[[#This Row],[% de nivel de servicio]],"") -> 4 | O81: =IFERROR(Regiones[[#This Row],[Aten < 20 seg]]/Regiones[[#This Row],[Contestadas]],"") -> 0.8 | P81: =IFERROR(Regiones[[#This Row],[AHT]]*86400,"error") -> 364 | Q81: =+VLOOKUP(Regiones[[#This Row],[Cola]],Tabla6[#Data],2,0) -> BUPA | R81: =+VLOOKUP(Regiones[[#This Row],[Cola]],Tabla68[],2,0) -> #N/A
B82: 46204 | C82: 0.5625 | D82: BUPA_Otras_Consultas | E82: voz | F82: 14 | G82: 14 | H82: 0 | I82: 0.86 | J82: 0.0044907407 | K82: =INT(Regiones[[#This Row],[Fecha]]) -> 46204 | L82: =IFERROR(Regiones[[#This Row],[Contestadas]]/Regiones[[#This Row],[Ofrecidas]],"") -> 1 | M82: =IFERROR(Regiones[[#This Row],[Ofrecidas]]*Regiones[[#This Row],[% de nivel de servicio]],"") -> 12.04 | O82: =IFERROR(Regiones[[#This Row],[Aten < 20 seg]]/Regiones[[#This Row],[Contestadas]],"") -> 0.86 | P82: =IFERROR(Regiones[[#This Row],[AHT]]*86400,"error") -> 388 | Q82: =+VLOOKUP(Regiones[[#This Row],[Cola]],Tabla6[#Data],2,0) -> BUPA | R82: =+VLOOKUP(Regiones[[#This Row],[Cola]],Tabla68[],2,0) -> #N/A
B83: 46204 | C83: 0.5625 | D83: BUPA_Seguro_Colectivo_Representante | E83: voz | F83: 1 | G83: 1 | H83: 0 | I83: 1 | J83: 0.0055555556 | K83: =INT(Regiones[[#This Row],[Fecha]]) -> 46204 | L83: =IFERROR(Regiones[[#This Row],[Contestadas]]/Regiones[[#This Row],[Ofrecidas]],"") -> 1 | M83: =IFERROR(Regiones[[#This Row],[Ofrecidas]]*Regiones[[#This Row],[% de nivel de servicio]],"") -> 1 | O83: =IFERROR(Regiones[[#This Row],[Aten < 20 seg]]/Regiones[[#This Row],[Contestadas]],"") -> 1 | P83: =IFERROR(Regiones[[#This Row],[AHT]]*86400,"error") -> 480 | Q83: =+VLOOKUP(Regiones[[#This Row],[Cola]],Tabla6[#Data],2,0) -> BUPA | R83: =+VLOOKUP(Regiones[[#This Row],[Cola]],Tabla68[],2,0) -> #N/A
B84: 46204 | C84: 0.5625 | D84: BUPA_Seguros_Empresas_Otras_Consultas | E84: voz | F84: 2 | G84: 2 | H84: 0 | I84: 1 | J84: 0.005625 | K84: =INT(Regiones[[#This Row],[Fecha]]) -> 46204 | L84: =IFERROR(Regiones[[#This Row],[Contestadas]]/Regiones[[#This Row],[Ofrecidas]],"") -> 1 | M84: =IFERROR(Regiones[[#This Row],[Ofrecidas]]*Regiones[[#This Row],[% de nivel de servicio]],"") -> 2 | O84: =IFERROR(Regiones[[#This Row],[Aten < 20 seg]]/Regiones[[#This Row],[Contestadas]],"") -> 1 | P84: =IFERROR(Regiones[[#This Row],[AHT]]*86400,"error") -> 486 | Q84: =+VLOOKUP(Regiones[[#This Row],[Cola]],Tabla6[#Data],2,0) -> BUPA | R84: =+VLOOKUP(Regiones[[#This Row],[Cola]],Tabla68[],2,0) -> #N/A
B85: 46204 | C85: 0.5625 | D85: BUPA_Servicio_al_Cliente_Nacional | E85: voz | F85: 1 | G85: 1 | H85: 0 | I85: 0 | J85: 0.0093287037 | K85: =INT(Regiones[[#This Row],[Fecha]]) -> 46204 | L85: =IFERROR(Regiones[[#This Row],[Contestadas]]/Regiones[[#This Row],[Ofrecidas]],"") -> 1 | M85: =IFERROR(Regiones[[#This Row],[Ofrecidas]]*Regiones[[#This Row],[% de nivel de servicio]],"") -> 0 | O85: =IFERROR(Regiones[[#This Row],[Aten < 20 seg]]/Regiones[[#This Row],[Contestadas]],"") -> 0 | P85: =IFERROR(Regiones[[#This Row],[AHT]]*86400,"error") -> 806 | Q85: =+VLOOKUP(Regiones[[#This Row],[Cola]],Tabla6[#Data],2,0) -> BUPA | R85: =+VLOOKUP(Regiones[[#This Row],[Cola]],Tabla68[],2,0) -> #N/A
... B88: 46204 | C88: 0.58333333 | D88: BUPA_Consulta_Liquidacion_Reembolso | E88: voz | F88: 2 | G88: 2 | H88: 0 | I88: 0.5 | J88: 0.0043634259 | K88: =INT(Regiones[[#This Row],[Fecha]]) -> 46204 | L88: =IFERROR(Regiones[[#This Row],[Contestadas]]/Regiones[[#This Row],[Ofrecidas]],"") -> 1 | M88: =IFERROR(Regiones[[#This Row],[Ofrecidas]]*Regiones[[#This Row],[% de nivel de servicio]],"") -> 1 | O88: =IFERROR(Regiones[[#This Row],[Aten < 20 seg]]/Regiones[[#This Row],[Contestadas]],"") -> 0.5 | P88: =IFERROR(Regiones[[#This Row],[AHT]]*86400,"error") -> 377 | Q88: =+VLOOKUP(Regiones[[#This Row],[Cola]],Tabla6[#Data],2,0) -> BUPA | R88: =+VLOOKUP(Regiones[[#This Row],[Cola]],Tabla68[],2,0) -> #N/A
B89: 46204 | C89: 0.58333333 | D89: BUPA_Modificacion_Datos_Personales | E89: voz | F89: 1 | G89: 1 | H89: 0 | I89: 0 | J89: None | K89: =INT(Regiones[[#This Row],[Fecha]]) -> 46204 | L89: =IFERROR(Regiones[[#This Row],[Contestadas]]/Regiones[[#This Row],[Ofrecidas]],"") -> 1 | M89: =IFERROR(Regiones[[#This Row],[Ofrecidas]]*Regiones[[#This Row],[% de nivel de servicio]],"") -> 0 | O89: =IFERROR(Regiones[[#This Row],[Aten < 20 seg]]/Regiones[[#This Row],[Contestadas]],"") -> 0 | P89: =IFERROR(Regiones[[#This Row],[AHT]]*86400,"error") -> error | Q89: =+VLOOKUP(Regiones[[#This Row],[Cola]],Tabla6[#Data],2,0) -> BUPA | R89: =+VLOOKUP(Regiones[[#This Row],[Cola]],Tabla68[],2,0) -> #N/A
B90: 46204 | C90: 0.58333333 | D90: BUPA_Reembolsos | E90: voz | F90: 11 | G90: 6 | H90: 4 | I90: 0.3 | J90: 0.0046643519 | K90: =INT(Regiones[[#This Row],[Fecha]]) -> 46204 | L90: =IFERROR(Regiones[[#This Row],[Contestadas]]/Regiones[[#This Row],[Ofrecidas]],"") -> 0.54545455 | M90: =IFERROR(Regiones[[#This Row],[Ofrecidas]]*Regiones[[#This Row],[% de nivel de servicio]],"") -> 3.3 | O90: =IFERROR(Regiones[[#This Row],[Aten < 20 seg]]/Regiones[[#This Row],[Contestadas]],"") -> 0.55 | P90: =IFERROR(Regiones[[#This Row],[AHT]]*86400,"error") -> 403 | Q90: =+VLOOKUP(Regiones[[#This Row],[Cola]],Tabla6[#Data],2,0) -> BUPA | R90: =+VLOOKUP(Regiones[[#This Row],[Cola]],Tabla68[],2,0) -> #N/A
B91: 46204 | C91: 0.58333333 | D91: BUPA_Otras_Consultas | E91: voz | F91: 16 | G91: 7 | H91: 6 | I91: 0 | J91: 0.0069791667 | K91: =INT(Regiones[[#This Row],[Fecha]]) -> 46204 | L91: =IFERROR(Regiones[[#This Row],[Contestadas]]/Regiones[[#This Row],[Ofrecidas]],"") -> 0.4375 | M91: =IFERROR(Regiones[[#This Row],[Ofrecidas]]*Regiones[[#This Row],[% de nivel de servicio]],"") -> 0 | O91: =IFERROR(Regiones[[#This Row],[Aten < 20 seg]]/Regiones[[#This Row],[Contestadas]],"") -> 0 | P91: =IFERROR(Regiones[[#This Row],[AHT]]*86400,"error") -> 603 | Q91: =+VLOOKUP(Regiones[[#This Row],[Cola]],Tabla6[#Data],2,0) -> BUPA | R91: =+VLOOKUP(Regiones[[#This Row],[Cola]],Tabla68[],2,0) -> #N/A
B92: 46204 | C92: 0.58333333 | D92: BUPA_Cobros | E92: voz | F92: 7 | G92: 7 | H92: 0 | I92: 0.29 | J92: 0.0045601852 | K92: =INT(Regiones[[#This Row],[Fecha]]) -> 46204 | L92: =IFERROR(Regiones[[#This Row],[Contestadas]]/Regiones[[#This Row],[Ofrecidas]],"") -> 1 | M92: =IFERROR(Regiones[[#This Row],[Ofrecidas]]*Regiones[[#This Row],[% de nivel de servicio]],"") -> 2.03 | O92: =IFERROR(Regiones[[#This Row],[Aten < 20 seg]]/Regiones[[#This Row],[Contestadas]],"") -> 0.29 | P92: =IFERROR(Regiones[[#This Row],[AHT]]*86400,"error") -> 394 | Q92: =+VLOOKUP(Regiones[[#This Row],[Cola]],Tabla6[#Data],2,0) -> BUPA | R92: =+VLOOKUP(Regiones[[#This Row],[Cola]],Tabla68[],2,0) -> #N/A
B93: 46204 | C93: 0.58333333 | D93: BUPA_Cambio_medio_de_pago | E93: voz | F93: 2 | G93: 1 | H93: 1 | I93: 0 | J93: 0.0049189815 | K93: =INT(Regiones[[#This Row],[Fecha]]) -> 46204 | L93: =IFERROR(Regiones[[#This Row],[Contestadas]]/Regiones[[#This Row],[Ofrecidas]],"") -> 0.5 | M93: =IFERROR(Regiones[[#This Row],[Ofrecidas]]*Regiones[[#This Row],[% de nivel de servicio]],"") -> 0 | O93: =IFERROR(Regiones[[#This Row],[Aten < 20 seg]]/Regiones[[#This Row],[Contestadas]],"") -> 0 | P93: =IFERROR(Regiones[[#This Row],[AHT]]*86400,"error") -> 425 | Q93: =+VLOOKUP(Regiones[[#This Row],[Cola]],Tabla6[#Data],2,0) -> BUPA | R93: =+VLOOKUP(Regiones[[#This Row],[Cola]],Tabla68[],2,0) -> #N/A
B94: 46204 | C94: 0.60416667 | D94: BUPA_Reembolsos | E94: voz | F94: 6 | G94: 6 | H94: 1 | I94: 0.57 | J94: 0.0040046296 | K94: =INT(Regiones[[#This Row],[Fecha]]) -> 46204 | L94: =IFERROR(Regiones[[#This Row],[Contestadas]]/Regiones[[#This Row],[Ofrecidas]],"") -> 1 | M94: =IFERROR(Regiones[[#This Row],[Ofrecidas]]*Regiones[[#This Row],[% de nivel de servicio]],"") -> 3.42 | O94: =IFERROR(Regiones[[#This Row],[Aten < 20 seg]]/Regiones[[#This Row],[Contestadas]],"") -> 0.57 | P94: =IFERROR(Regiones[[#This Row],[AHT]]*86400,"error") -> 346 | Q94: =+VLOOKUP(Regiones[[#This Row],[Cola]],Tabla6[#Data],2,0) -> BUPA | R94: =+VLOOKUP(Regiones[[#This Row],[Cola]],Tabla68[],2,0) -> #N/A
B95: 46204 | C95: 0.60416667 | D95: BUPA_Consulta_Liquidacion_Reembolso | E95: voz | F95: 3 | G95: 3 | H95: 0 | I95: 1 | J95: 0.0042708333 | K95: =INT(Regiones[[#This Row],[Fecha]]) -> 46204 | L95: =IFERROR(Regiones[[#This Row],[Contestadas]]/Regiones[[#This Row],[Ofrecidas]],"") -> 1 | M95: =IFERROR(Regiones[[#This Row],[Ofrecidas]]*Regiones[[#This Row],[% de nivel de servicio]],"") -> 3 | O95: =IFERROR(Regiones[[#This Row],[Aten < 20 seg]]/Regiones[[#This Row],[Contestadas]],"") -> 1 | P95: =IFERROR(Regiones[[#This Row],[AHT]]*86400,"error") -> 369 | Q95: =+VLOOKUP(Regiones[[#This Row],[Cola]],Tabla6[#Data],2,0) -> BUPA | R95: =+VLOOKUP(Regiones[[#This Row],[Cola]],Tabla68[],2,0) -> #N/A
B96: 46204 | C96: 0.60416667 | D96: BUPA_Modificacion_Datos_Personales | E96: voz | F96: 0 | G96: 0 | H96: 0 | I96: nan | J96: 0.013194444 | K96: =INT(Regiones[[#This Row],[Fecha]]) -> 46204 | L96: =IFERROR(Regiones[[#This Row],[Contestadas]]/Regiones[[#This Row],[Ofrecidas]],"") | M96: =IFERROR(Regiones[[#This Row],[Ofrecidas]]*Regiones[[#This Row],[% de nivel de servicio]],"") | O96: =IFERROR(Regiones[[#This Row],[Aten < 20 seg]]/Regiones[[#This Row],[Contestadas]],"") | P96: =IFERROR(Regiones[[#This Row],[AHT]]*86400,"error") -> 1140 | Q96: =+VLOOKUP(Regiones[[#This Row],[Cola]],Tabla6[#Data],2,0) -> BUPA | R96: =+VLOOKUP(Regiones[[#This Row],[Cola]],Tabla68[],2,0) -> #N/A
B97: 46204 | C97: 0.60416667 | D97: BUPA_Cambio_medio_de_pago | E97: voz | F97: 2 | G97: 2 | H97: 0 | I97: 1 | J97: 0.0027430556 | K97: =INT(Regiones[[#This Row],[Fecha]]) -> 46204 | L97: =IFERROR(Regiones[[#This Row],[Contestadas]]/Regiones[[#This Row],[Ofrecidas]],"") -> 1 | M97: =IFERROR(Regiones[[#This Row],[Ofrecidas]]*Regiones[[#This Row],[% de nivel de servicio]],"") -> 2 | O97: =IFERROR(Regiones[[#This Row],[Aten < 20 seg]]/Regiones[[#This Row],[Contestadas]],"") -> 1 | P97: =IFERROR(Regiones[[#This Row],[AHT]]*86400,"error") -> 237 | Q97: =+VLOOKUP(Regiones[[#This Row],[Cola]],Tabla6[#Data],2,0) -> BUPA | R97: =+VLOOKUP(Regiones[[#This Row],[Cola]],Tabla68[],2,0) -> #N/A
B98: 46204 | C98: 0.60416667 | D98: BUPA_Cobros | E98: voz | F98: 6 | G98: 6 | H98: 0 | I98: 0.67 | J98: 0.0035648148 | K98: =INT(Regiones[[#This Row],[Fecha]]) -> 46204 | L98: =IFERROR(Regiones[[#This Row],[Contestadas]]/Regiones[[#This Row],[Ofrecidas]],"") -> 1 | M98: =IFERROR(Regiones[[#This Row],[Ofrecidas]]*Regiones[[#This Row],[% de nivel de servicio]],"") -> 4.02 | O98: =IFERROR(Regiones[[#This Row],[Aten < 20 seg]]/Regiones[[#This Row],[Contestadas]],"") -> 0.67 | P98: =IFERROR(Regiones[[#This Row],[AHT]]*86400,"error") -> 308 | Q98: =+VLOOKUP(Regiones[[#This Row],[Cola]],Tabla6[#Data],2,0) -> BUPA | R98: =+VLOOKUP(Regiones[[#This Row],[Cola]],Tabla68[],2,0) -> #N/A
B99: 46204 | C99: 0.60416667 | D99: BUPA_Otras_Consultas | E99: voz | F99: 14 | G99: 16 | H99: 1 | I99: 0.59 | J99: 0.0042824074 | K99: =INT(Regiones[[#This Row],[Fecha]]) -> 46204 | L99: =IFERROR(Regiones[[#This Row],[Contestadas]]/Regiones[[#This Row],[Ofrecidas]],"") -> 1.1428571 | M99: =IFERROR(Regiones[[#This Row],[Ofrecidas]]*Regiones[[#This Row],[% de nivel de servicio]],"") -> 8.26 | O99: =IFERROR(Regiones[[#This Row],[Aten < 20 seg]]/Regiones[[#This Row],[Contestadas]],"") -> 0.51625 | P99: =IFERROR(Regiones[[#This Row],[AHT]]*86400,"error") -> 370 | Q99: =+VLOOKUP(Regiones[[#This Row],[Cola]],Tabla6[#Data],2,0) -> BUPA | R99: =+VLOOKUP(Regiones[[#This Row],[Cola]],Tabla68[],2,0) -> #N/A
B100: 46204 | C100: 0.60416667 | D100: BUPA_Seguros_Empresas_Otras_Consultas | E100: voz | F100: 2 | G100: 2 | H100: 0 | I100: 0.5 | J100: 0.0037268519 | K100: =INT(Regiones[[#This Row],[Fecha]]) -> 46204 | L100: =IFERROR(Regiones[[#This Row],[Contestadas]]/Regiones[[#This Row],[Ofrecidas]],"") -> 1 | M100: =IFERROR(Regiones[[#This Row],[Ofrecidas]]*Regiones[[#This Row],[% de nivel de servicio]],"") -> 1 | O100: =IFERROR(Regiones[[#This Row],[Aten < 20 seg]]/Regiones[[#This Row],[Contestadas]],"") -> 0.5 | P100: =IFERROR(Regiones[[#This Row],[AHT]]*86400,"error") -> 322 | Q100: =+VLOOKUP(Regiones[[#This Row],[Cola]],Tabla6[#Data],2,0) -> BUPA | R100: =+VLOOKUP(Regiones[[#This Row],[Cola]],Tabla68[],2,0) -> #N/A
B101: 46204 | C101: 0.60416667 | D101: BUPA_Seguro_Colectivo_Representante | E101: voz | F101: 3 | G101: 3 | H101: 0 | I101: 0.67 | J101: 0.0024652778 | K101: =INT(Regiones[[#This Row],[Fecha]]) -> 46204 | L101: =IFERROR(Regiones[[#This Row],[Contestadas]]/Regiones[[#This Row],[Ofrecidas]],"") -> 1 | M101: =IFERROR(Regiones[[#This Row],[Ofrecidas]]*Regiones[[#This Row],[% de nivel de servicio]],"") -> 2.01 | O101: =IFERROR(Regiones[[#This Row],[Aten < 20 seg]]/Regiones[[#This Row],[Contestadas]],"") -> 0.67 | P101: =IFERROR(Regiones[[#This Row],[AHT]]*86400,"error") -> 213 | Q101: =+VLOOKUP(Regiones[[#This Row],[Cola]],Tabla6[#Data],2,0) -> BUPA | R101: =+VLOOKUP(Regiones[[#This Row],[Cola]],Tabla68[],2,0) -> #N/A
B102: 46204 | C102: 0.60416667 | D102: BUPA_Servicio_al_Cliente_Nacional | E102: voz | F102: 1 | G102: 1 | H102: 0 | I102: 1 | J102: 0.0029166667 | K102: =INT(Regiones[[#This Row],[Fecha]]) -> 46204 | L102: =IFERROR(Regiones[[#This Row],[Contestadas]]/Regiones[[#This Row],[Ofrecidas]],"") -> 1 | M102: =IFERROR(Regiones[[#This Row],[Ofrecidas]]*Regiones[[#This Row],[% de nivel de servicio]],"") -> 1 | O102: =IFERROR(Regiones[[#This Row],[Aten < 20 seg]]/Regiones[[#This Row],[Contestadas]],"") -> 1 | P102: =IFERROR(Regiones[[#This Row],[AHT]]*86400,"error") -> 252 | Q102: =+VLOOKUP(Regiones[[#This Row],[Cola]],Tabla6[#Data],2,0) -> BUPA | R102: =+VLOOKUP(Regiones[[#This Row],[Cola]],Tabla68[],2,0) -> #N/A
B103: 46204 | C103: 0.625 | D103: BUPA_Servicio_al_Cliente_Nacional | E103: voz | F103: 1 | G103: 1 | H103: 0 | I103: 1 | J103: None | K103: =INT(Regiones[[#This Row],[Fecha]]) -> 46204 | L103: =IFERROR(Regiones[[#This Row],[Contestadas]]/Regiones[[#This Row],[Ofrecidas]],"") -> 1 | M103: =IFERROR(Regiones[[#This Row],[Ofrecidas]]*Regiones[[#This Row],[% de nivel de servicio]],"") -> 1 | O103: =IFERROR(Regiones[[#This Row],[Aten < 20 seg]]/Regiones[[#This Row],[Contestadas]],"") -> 1 | P103: =IFERROR(Regiones[[#This Row],[AHT]]*86400,"error") -> error | Q103: =+VLOOKUP(Regiones[[#This Row],[Cola]],Tabla6[#Data],2,0) -> BUPA | R103: =+VLOOKUP(Regiones[[#This Row],[Cola]],Tabla68[],2,0) -> #N/A
B104: 46204 | C104: 0.625 | D104: BUPA_Seguro_Colectivo_Representante | E104: voz | F104: 0 | G104: 0 | H104: 0 | I104: nan | J104: 0.01 | K104: =INT(Regiones[[#This Row],[Fecha]]) -> 46204 | L104: =IFERROR(Regiones[[#This Row],[Contestadas]]/Regiones[[#This Row],[Ofrecidas]],"") | M104: =IFERROR(Regiones[[#This Row],[Ofrecidas]]*Regiones[[#This Row],[% de nivel de servicio]],"") | O104: =IFERROR(Regiones[[#This Row],[Aten < 20 seg]]/Regiones[[#This Row],[Contestadas]],"") | P104: =IFERROR(Regiones[[#This Row],[AHT]]*86400,"error") -> 864 | Q104: =+VLOOKUP(Regiones[[#This Row],[Cola]],Tabla6[#Data],2,0) -> BUPA | R104: =+VLOOKUP(Regiones[[#This Row],[Cola]],Tabla68[],2,0) -> #N/A
B105: 46204 | C105: 0.625 | D105: BUPA_Seguros_Empresas_Otras_Consultas | E105: voz | F105: 2 | G105: 2 | H105: 0 | I105: 0.5 | J105: 0.0025578704 | K105: =INT(Regiones[[#This Row],[Fecha]]) -> 46204 | L105: =IFERROR(Regiones[[#This Row],[Contestadas]]/Regiones[[#This Row],[Ofrecidas]],"") -> 1 | M105: =IFERROR(Regiones[[#This Row],[Ofrecidas]]*Regiones[[#This Row],[% de nivel de servicio]],"") -> 1 | O105: =IFERROR(Regiones[[#This Row],[Aten < 20 seg]]/Regiones[[#This Row],[Contestadas]],"") -> 0.5 | P105: =IFERROR(Regiones[[#This Row],[AHT]]*86400,"error") -> 221 | Q105: =+VLOOKUP(Regiones[[#This Row],[Cola]],Tabla6[#Data],2,0) -> BUPA | R105: =+VLOOKUP(Regiones[[#This Row],[Cola]],Tabla68[],2,0) -> #N/A
...

Sheet BUPA Seguros
X2: Ingresar Fecha a revisar
L3: BUPA | W3: FECHA | X3: 46209 | AS3: 1 | AT3: 6 | AU3: 15
L4: DIA | M4: Forecast | N4: Recibidas | O4: Desv | P4: Llam At | Q4: Ate <20 | R4: Abandono | S4: % Abandono | T4: NDS | U4: NDA | W4: INTERVALO | X4: RECIBIDAS | Y4: FORECAST | Z4: ATENDIDAS | AA4: ABANDONO | AB4: < 20 Seg | AS4: {=SUMPRODUCT(_xlfn.CHOOSECOLS(_xlfn._xlws.FILTER(_xlfn.CHOOSECOLS(Regiones[#Data],1,6,15),_xlfn.CHOOSECOLS(_xlfn.CHOOSECOLS(Regiones[#Data],1,6,15),1)=L7),2),_xlfn.CHOOSECOLS(_xlfn._xlws.FILTER(_xlfn.CHOOSECOLS(Regiones[#Data],1,6,15),_xlfn.CHOOSECOLS(_xlfn.CHOOSECOLS(Regiones[#Data],1,6,15),1)=L7),3)/SUM(_xlfn.CHOOSECOLS(_xlfn._xlws.FILTER(_xlfn.CHOOSECOLS(Regiones[#Data],1,6,15),_xlfn.CHOOSECOLS(_xlfn.CHOOSECOLS(Regiones[#Data],1,6,15),1)=L7),2)))} -> #VALUE!
B5: Fecha | C5: Intervalo | D5: Recibidas | E5: Atendidas | F5: Forecast | G5: TMO | H5: NS | I5: NA | L5: 46204 | M5: =+SUMIFS(Tabla54[Forecast],Tabla54[Fecha],$L5) -> 664.4631 | N5: =+SUMIFS(Regiones[Ofrecidas],Regiones[Fecha2],'BUPA Seguros'!$L5,Regiones[Skill],'BUPA Seguros'!$L$3) -> 687 | O5: =N5/M5-1 -> 0.033917457 | P5: =+SUMIFS(Regiones[Contestadas],Regiones[Fecha2],'BUPA Seguros'!$L5,Regiones[Skill],'BUPA Seguros'!$L$3) -> 614 | Q5: =+SUMIFS(Regiones[Aten < 20 seg],Regiones[Fecha2],'BUPA Seguros'!$L5,Regiones[Skill],'BUPA Seguros'!$L$3) -> 307.91 | R5: =+N5-P5 -> 73 | S5: =IFERROR(R5/N5,"") -> 0.1062591 | T5: =IFERROR(Q5/N5,"") -> 0.44819505 | U5: =IFERROR(P5/N5,"") -> 0.8937409 | W5: 0.27083333 | X5: =+SUMIFS(Tabla54[Recibidas],Tabla54[Fecha],$X$3,Tabla54[Intervalo],$W5) -> 0 | Y5: =+SUMIFS(Tabla54[Forecast],Tabla54[Fecha],$X$3,Tabla54[Intervalo],$W5) -> 0 | Z5: =+SUMIFS(Tabla54[Atendidas],Tabla54[Fecha],$X$3,Tabla54[Intervalo],$W5) -> 0 | AA5: =+X5-Z5 -> 0 | AB5: =+SUMIFS(Regiones[Aten < 20 seg],Regiones[Fecha],'BUPA Seguros'!$X$3,Regiones[Intervalo],'BUPA Seguros'!$W5,Regiones[Skill],'BUPA Seguros'!$L$3) -> 0 | AS5: {=SUMPRODUCT(_xlfn.CHOOSECOLS(_xlfn._xlws.FILTER(_xlfn.CHOOSECOLS(Regiones[#Data],1,6,15),_xlfn.CHOOSECOLS(_xlfn.CHOOSECOLS(Regiones[#Data],1,6,15),1)=L8),2),_xlfn.CHOOSECOLS(_xlfn._xlws.FILTER(_xlfn.CHOOSECOLS(Regiones[#Data],1,6,15),_xlfn.CHOOSECOLS(_xlfn.CHOOSECOLS(Regiones[#Data],1,6,15),1)=L8),3)/SUM(_xlfn.CHOOSECOLS(_xlfn._xlws.FILTER(_xlfn.CHOOSECOLS(Regiones[#Data],1,6,15),_xlfn.CHOOSECOLS(_xlfn.CHOOSECOLS(Regiones[#Data],1,6,15),1)=L8),2)))} -> #VALUE!
B6: 46204 | C6: 0 | D6: =+SUMIFS(Regiones[Ofrecidas],Regiones[Fecha],Tabla54[[#This Row],[Fecha]],Regiones[Intervalo],Tabla54[[#This Row],[Intervalo]],Regiones[Skill],'BUPA Seguros'!$L$3) -> 0 | E6: =+SUMIFS(Regiones[Contestadas],Regiones[Fecha],Tabla54[[#This Row],[Fecha]],Regiones[Intervalo],Tabla54[[#This Row],[Intervalo]],Regiones[Skill],'BUPA Seguros'!$L$3) -> 0 | F6: 0 | G6: =IFERROR(SUMIFS(Regiones[TMO],Regiones[Fecha],Tabla54[[#This Row],[Fecha]],Regiones[Intervalo],Tabla54[[#This Row],[Intervalo]],Regiones[Skill],'BUPA Seguros'!$L$3)/Tabla54[[#This Row],[Atendidas]],0) -> 0 | H6: =IFERROR(SUMIFS(Regiones[Aten < 20 seg],Regiones[Fecha],Tabla54[[#This Row],[Fecha]],Regiones[Intervalo],Tabla54[[#This Row],[Intervalo]],Regiones[Skill],'BUPA Seguros'!$L$3)/Tabla54[[#This Row],[Recibidas]],0) -> 0 | I6: =IFERROR(Tabla54[[#This Row],[Atendidas]]/Tabla54[[#This Row],[Recibidas]],0) -> 0 | L6: =+L5+1 -> 46205 | M6: =+SUMIFS(Tabla54[Forecast],Tabla54[Fecha],$L6) -> 496.21216 | N6: =+SUMIFS(Regiones[Ofrecidas],Regiones[Fecha2],'BUPA Seguros'!$L6,Regiones[Skill],'BUPA Seguros'!$L$3) -> 576 | O6: =N6/M6-1 -> 0.1607938 | P6: =+SUMIFS(Regiones[Contestadas],Regiones[Fecha2],'BUPA Seguros'!$L6,Regiones[Skill],'BUPA Seguros'!$L$3) -> 529 | Q6: =+SUMIFS(Regiones[Aten < 20 seg],Regiones[Fecha2],'BUPA Seguros'!$L6,Regiones[Skill],'BUPA Seguros'!$L$3) -> 342.95 | R6: =+N6-P6 -> 47 | S6: =IFERROR(R6/N6,"") -> 0.081597222 | T6: =IFERROR(Q6/N6,"") -> 0.59539931 | U6: =IFERROR(P6/N6,"") -> 0.91840278 | W6: 0.29166667 | X6: =+SUMIFS(Tabla54[Recibidas],Tabla54[Fecha],$X$3,Tabla54[Intervalo],$W6) -> 0 | Y6: =+SUMIFS(Tabla54[Forecast],Tabla54[Fecha],$X$3,Tabla54[Intervalo],$W6) -> 0 | Z6: =+SUMIFS(Tabla54[Atendidas],Tabla54[Fecha],$X$3,Tabla54[Intervalo],$W6) -> 0 | AA6: =+X6-Z6 -> 0 | AB6: =+SUMIFS(Regiones[Aten < 20 seg],Regiones[Fecha],'BUPA Seguros'!$X$3,Regiones[Intervalo],'BUPA Seguros'!$W6,Regiones[Skill],'BUPA Seguros'!$L$3) -> 0
B7: =+B6 -> 46204 | C7: 0.020833333 | D7: =+SUMIFS(Regiones[Ofrecidas],Regiones[Fecha],Tabla54[[#This Row],[Fecha]],Regiones[Intervalo],Tabla54[[#This Row],[Intervalo]],Regiones[Skill],'BUPA Seguros'!$L$3) -> 0 | E7: =+SUMIFS(Regiones[Contestadas],Regiones[Fecha],Tabla54[[#This Row],[Fecha]],Regiones[Intervalo],Tabla54[[#This Row],[Intervalo]],Regiones[Skill],'BUPA Seguros'!$L$3) -> 0 | F7: 0 | G7: =IFERROR(SUMIFS(Regiones[TMO],Regiones[Fecha],Tabla54[[#This Row],[Fecha]],Regiones[Intervalo],Tabla54[[#This Row],[Intervalo]],Regiones[Skill],'BUPA Seguros'!$L$3)/Tabla54[[#This Row],[Atendidas]],0) -> 0 | H7: =IFERROR(SUMIFS(Regiones[Aten < 20 seg],Regiones[Fecha],Tabla54[[#This Row],[Fecha]],Regiones[Intervalo],Tabla54[[#This Row],[Intervalo]],Regiones[Skill],'BUPA Seguros'!$L$3)/Tabla54[[#This Row],[Recibidas]],0) -> 0 | I7: =IFERROR(Tabla54[[#This Row],[Atendidas]]/Tabla54[[#This Row],[Recibidas]],0) -> 0 | L7: =+L6+1 -> 46206 | M7: =+SUMIFS(Tabla54[Forecast],Tabla54[Fecha],$L7) -> 532.93699 | N7: =+SUMIFS(Regiones[Ofrecidas],Regiones[Fecha2],'BUPA Seguros'!$L7,Regiones[Skill],'BUPA Seguros'!$L$3) -> 525 | O7: =N7/M7-1 -> -0.014892917 | P7: =+SUMIFS(Regiones[Contestadas],Regiones[Fecha2],'BUPA Seguros'!$L7,Regiones[Skill],'BUPA Seguros'!$L$3) -> 485 | Q7: =+SUMIFS(Regiones[Aten < 20 seg],Regiones[Fecha2],'BUPA Seguros'!$L7,Regiones[Skill],'BUPA Seguros'!$L$3) -> 292.27 | R7: =+N7-P7 -> 40 | S7: =IFERROR(R7/N7,"") -> 0.076190476 | T7: =IFERROR(Q7/N7,"") -> 0.55670476 | U7: =IFERROR(P7/N7,"") -> 0.92380952 | W7: 0.3125 | X7: =+SUMIFS(Tabla54[Recibidas],Tabla54[Fecha],$X$3,Tabla54[Intervalo],$W7) -> 0 | Y7: =+SUMIFS(Tabla54[Forecast],Tabla54[Fecha],$X$3,Tabla54[Intervalo],$W7) -> 0 | Z7: =+SUMIFS(Tabla54[Atendidas],Tabla54[Fecha],$X$3,Tabla54[Intervalo],$W7) -> 0 | AA7: =+X7-Z7 -> 0 | AB7: =+SUMIFS(Regiones[Aten < 20 seg],Regiones[Fecha],'BUPA Seguros'!$X$3,Regiones[Intervalo],'BUPA Seguros'!$W7,Regiones[Skill],'BUPA Seguros'!$L$3) -> 0 | AN7: Nivel Servicio | AO7: =+SUM(AB5:AB32)/SUM(X5:X32) -> #DIV/0! | AR7: =+AS7/86400 -> 0.0043830661 | AS7: {=SUMPRODUCT(_xlfn.CHOOSECOLS(_xlfn._xlws.FILTER(_xlfn.CHOOSECOLS(Regiones[#Data],1,6,15,16),(_xlfn.CHOOSECOLS(_xlfn.CHOOSECOLS(Regiones[#Data],1,6,15,16),1)=L7)*(_xlfn.CHOOSECOLS(_xlfn.CHOOSECOLS(Regiones[#Data],1,6,15,16),4)=$L$3)),2),_xlfn.CHOOSECOLS(_xlfn._xlws.FILTER(_xlfn.CHOOSECOLS(Regiones[#Data],1,6,15,16),(_xlfn.CHOOSECOLS(_xlfn.CHOOSECOLS(Regiones[#Data],1,6,15,16),1)=L7)*(_xlfn.CHOOSECOLS(_xlfn.CHOOSECOLS(Regiones[#Data],1,6,15,16),4)=$L$3)),3))/SUM(_xlfn.CHOOSECOLS(_xlfn._xlws.FILTER(_xlfn.CHOOSECOLS(Regiones[#Data],1,6,15,16),(_xlfn.CHOOSECOLS(_xlfn.CHOOSECOLS(Regiones[#Data],1,6,15,16),1)=L7)*(_xlfn.CHOOSECOLS(_xlfn.CHOOSECOLS(Regiones[#Data],1,6,15,16),4)=$L$3)),2))} -> 378.69691 | AT7: quitar TMO con error y llamadas
B8: =+B7 -> 46204 | C8: 0.041666667 | D8: =+SUMIFS(Regiones[Ofrecidas],Regiones[Fecha],Tabla54[[#This Row],[Fecha]],Regiones[Intervalo],Tabla54[[#This Row],[Intervalo]],Regiones[Skill],'BUPA Seguros'!$L$3) -> 0 | E8: =+SUMIFS(Regiones[Contestadas],Regiones[Fecha],Tabla54[[#This Row],[Fecha]],Regiones[Intervalo],Tabla54[[#This Row],[Intervalo]],Regiones[Skill],'BUPA Seguros'!$L$3) -> 0 | F8: 0 | G8: =IFERROR(SUMIFS(Regiones[TMO],Regiones[Fecha],Tabla54[[#This Row],[Fecha]],Regiones[Intervalo],Tabla54[[#This Row],[Intervalo]],Regiones[Skill],'BUPA Seguros'!$L$3)/Tabla54[[#This Row],[Atendidas]],0) -> 0 | H8: =IFERROR(SUMIFS(Regiones[Aten < 20 seg],Regiones[Fecha],Tabla54[[#This Row],[Fecha]],Regiones[Intervalo],Tabla54[[#This Row],[Intervalo]],Regiones[Skill],'BUPA Seguros'!$L$3)/Tabla54[[#This Row],[Recibidas]],0) -> 0 | I8: =IFERROR(Tabla54[[#This Row],[Atendidas]]/Tabla54[[#This Row],[Recibidas]],0) -> 0 | L8: =+L7+1 -> 46207 | M8: =+SUMIFS(Tabla54[Forecast],Tabla54[Fecha],$L8) -> 0 | N8: 0 | P8: =+SUMIFS(Regiones[Contestadas],Regiones[Fecha2],'BUPA Seguros'!$L8,Regiones[Skill],'BUPA Seguros'!$L$3) -> 0 | Q8: =+SUMIFS(Regiones[Aten < 20 seg],Regiones[Fecha2],'BUPA Seguros'!$L8,Regiones[Skill],'BUPA Seguros'!$L$3) -> 0 | R8: =+N8-P8 -> 0 | S8: =IFERROR(R8/N8,"") | T8: =IFERROR(Q8/N8,"") | U8: =IFERROR(P8/N8,"") | W8: 0.33333333 | X8: =+SUMIFS(Tabla54[Recibidas],Tabla54[Fecha],$X$3,Tabla54[Intervalo],$W8) -> 0 | Y8: =+SUMIFS(Tabla54[Forecast],Tabla54[Fecha],$X$3,Tabla54[Intervalo],$W8) -> 0 | Z8: =+SUMIFS(Tabla54[Atendidas],Tabla54[Fecha],$X$3,Tabla54[Intervalo],$W8) -> 0 | AA8: =+X8-Z8 -> 0 | AB8: =+SUMIFS(Regiones[Aten < 20 seg],Regiones[Fecha],'BUPA Seguros'!$X$3,Regiones[Intervalo],'BUPA Seguros'!$W8,Regiones[Skill],'BUPA Seguros'!$L$3) -> 0 | AN8: Nivel Atencion | AO8: =+SUM(Z5:Z32)/SUM(X5:X32) -> #DIV/0! | AR8: =+AS8/86400 -> #DIV/0! | AS8: {=SUMPRODUCT(_xlfn.CHOOSECOLS(_xlfn._xlws.FILTER(_xlfn.CHOOSECOLS(Regiones[#Data],1,6,15,16),(_xlfn.CHOOSECOLS(_xlfn.CHOOSECOLS(Regiones[#Data],1,6,15,16),1)=L8)*(_xlfn.CHOOSECOLS(_xlfn.CHOOSECOLS(Regiones[#Data],1,6,15,16),4)=$L$3)),2),_xlfn.CHOOSECOLS(_xlfn._xlws.FILTER(_xlfn.CHOOSECOLS(Regiones[#Data],1,6,15,16),(_xlfn.CHOOSECOLS(_xlfn.CHOOSECOLS(Regiones[#Data],1,6,15,16),1)=L8)*(_xlfn.CHOOSECOLS(_xlfn.CHOOSECOLS(Regiones[#Data],1,6,15,16),4)=$L$3)),3))/SUM(_xlfn.CHOOSECOLS(_xlfn._xlws.FILTER(_xlfn.CHOOSECOLS(Regiones[#Data],1,6,15,16),(_xlfn.CHOOSECOLS(_xlfn.CHOOSECOLS(Regiones[#Data],1,6,15,16),1)=L8)*(_xlfn.CHOOSECOLS(_xlfn.CHOOSECOLS(Regiones[#Data],1,6,15,16),4)=$L$3)),2))} -> #DIV/0!
B9: =+B8 -> 46204 | C9: 0.0625 | D9: =+SUMIFS(Regiones[Ofrecidas],Regiones[Fecha],Tabla54[[#This Row],[Fecha]],Regiones[Intervalo],Tabla54[[#This Row],[Intervalo]],Regiones[Skill],'BUPA Seguros'!$L$3) -> 0 | E9: =+SUMIFS(Regiones[Contestadas],Regiones[Fecha],Tabla54[[#This Row],[Fecha]],Regiones[Intervalo],Tabla54[[#This Row],[Intervalo]],Regiones[Skill],'BUPA Seguros'!$L$3) -> 0 | F9: 0 | G9: =IFERROR(SUMIFS(Regiones[TMO],Regiones[Fecha],Tabla54[[#This Row],[Fecha]],Regiones[Intervalo],Tabla54[[#This Row],[Intervalo]],Regiones[Skill],'BUPA Seguros'!$L$3)/Tabla54[[#This Row],[Atendidas]],0) -> 0 | H9: =IFERROR(SUMIFS(Regiones[Aten < 20 seg],Regiones[Fecha],Tabla54[[#This Row],[Fecha]],Regiones[Intervalo],Tabla54[[#This Row],[Intervalo]],Regiones[Skill],'BUPA Seguros'!$L$3)/Tabla54[[#This Row],[Recibidas]],0) -> 0 | I9: =IFERROR(Tabla54[[#This Row],[Atendidas]]/Tabla54[[#This Row],[Recibidas]],0) -> 0 | L9: =+L8+1 -> 46208 | M9: =+SUMIFS(Tabla54[Forecast],Tabla54[Fecha],$L9) -> 0 | N9: =+SUMIFS(Regiones[Ofrecidas],Regiones[Fecha2],'BUPA Seguros'!$L9,Regiones[Skill],'BUPA Seguros'!$L$3) -> 0 | P9: =+SUMIFS(Regiones[Contestadas],Regiones[Fecha2],'BUPA Seguros'!$L9,Regiones[Skill],'BUPA Seguros'!$L$3) -> 0 | Q9: =+SUMIFS(Regiones[Aten < 20 seg],Regiones[Fecha2],'BUPA Seguros'!$L9,Regiones[Skill],'BUPA Seguros'!$L$3) -> 0 | R9: =+N9-P9 -> 0 | S9: =IFERROR(R9/N9,"") | T9: =IFERROR(Q9/N9,"") | U9: =IFERROR(P9/N9,"") | W9: 0.35416667 | X9: =+SUMIFS(Tabla54[Recibidas],Tabla54[Fecha],$X$3,Tabla54[Intervalo],$W9) -> 0 | Y9: =+SUMIFS(Tabla54[Forecast],Tabla54[Fecha],$X$3,Tabla54[Intervalo],$W9) -> 0 | Z9: =+SUMIFS(Tabla54[Atendidas],Tabla54[Fecha],$X$3,Tabla54[Intervalo],$W9) -> 0 | AA9: =+X9-Z9 -> 0 | AB9: =+SUMIFS(Regiones[Aten < 20 seg],Regiones[Fecha],'BUPA Seguros'!$X$3,Regiones[Intervalo],'BUPA Seguros'!$W9,Regiones[Skill],'BUPA Seguros'!$L$3) -> 0 | AR9: =+AS9/86400 -> #VALUE! | AS9: {=SUMPRODUCT(_xlfn.CHOOSECOLS(_xlfn._xlws.FILTER(_xlfn.CHOOSECOLS(Regiones[#Data],1,6,15,16),(_xlfn.CHOOSECOLS(_xlfn.CHOOSECOLS(Regiones[#Data],1,6,15,16),1)=L9)*(_xlfn.CHOOSECOLS(_xlfn.CHOOSECOLS(Regiones[#Data],1,6,15,16),4)=$L$3)),2),_xlfn.CHOOSECOLS(_xlfn._xlws.FILTER(_xlfn.CHOOSECOLS(Regiones[#Data],1,6,15,16),(_xlfn.CHOOSECOLS(_xlfn.CHOOSECOLS(Regiones[#Data],1,6,15,16),1)=L9)*(_xlfn.CHOOSECOLS(_xlfn.CHOOSECOLS(Regiones[#Data],1,6,15,16),4)=$L$3)),3))/SUM(_xlfn.CHOOSECOLS(_xlfn._xlws.FILTER(_xlfn.CHOOSECOLS(Regiones[#Data],1,6,15,16),(_xlfn.CHOOSECOLS(_xlfn.CHOOSECOLS(Regiones[#Data],1,6,15,16),1)=L9)*(_xlfn.CHOOSECOLS(_xlfn.CHOOSECOLS(Regiones[#Data],1,6,15,16),4)=$L$3)),2))} -> #VALUE!
B10: =+B9 -> 46204 | C10: 0.083333333 | D10: =+SUMIFS(Regiones[Ofrecidas],Regiones[Fecha],Tabla54[[#This Row],[Fecha]],Regiones[Intervalo],Tabla54[[#This Row],[Intervalo]],Regiones[Skill],'BUPA Seguros'!$L$3) -> 0 | E10: =+SUMIFS(Regiones[Contestadas],Regiones[Fecha],Tabla54[[#This Row],[Fecha]],Regiones[Intervalo],Tabla54[[#This Row],[Intervalo]],Regiones[Skill],'BUPA Seguros'!$L$3) -> 0 | F10: 0 | G10: =IFERROR(SUMIFS(Regiones[TMO],Regiones[Fecha],Tabla54[[#This Row],[Fecha]],Regiones[Intervalo],Tabla54[[#This Row],[Intervalo]],Regiones[Skill],'BUPA Seguros'!$L$3)/Tabla54[[#This Row],[Atendidas]],0) -> 0 | H10: =IFERROR(SUMIFS(Regiones[Aten < 20 seg],Regiones[Fecha],Tabla54[[#This Row],[Fecha]],Regiones[Intervalo],Tabla54[[#This Row],[Intervalo]],Regiones[Skill],'BUPA Seguros'!$L$3)/Tabla54[[#This Row],[Recibidas]],0) -> 0 | I10: =IFERROR(Tabla54[[#This Row],[Atendidas]]/Tabla54[[#This Row],[Recibidas]],0) -> 0 | L10: =+L9+1 -> 46209 | M10: =+SUMIFS(Tabla54[Forecast],Tabla54[Fecha],$L10) -> 829.29778 | N10: 720 | O10: =N10/M10-1 -> -0.13179558 | P10: 559 | Q10: 146 | R10: =+N10-P10 -> 161 | S10: =IFERROR(R10/N10,"") -> 0.22361111 | T10: =IFERROR(Q10/N10,"") -> 0.20277778 | U10: =IFERROR(P10/N10,"") -> 0.77638889 | W10: 0.375 | X10: =+SUMIFS(Tabla54[Recibidas],Tabla54[Fecha],$X$3,Tabla54[Intervalo],$W10) -> 0 | Y10: =+SUMIFS(Tabla54[Forecast],Tabla54[Fecha],$X$3,Tabla54[Intervalo],$W10) -> 51.985086 | Z10: =+SUMIFS(Tabla54[Atendidas],Tabla54[Fecha],$X$3,Tabla54[Intervalo],$W10) -> 0 | AA10: =+X10-Z10 -> 0 | AB10: =+SUMIFS(Regiones[Aten < 20 seg],Regiones[Fecha],'BUPA Seguros'!$X$3,Regiones[Intervalo],'BUPA Seguros'!$W10,Regiones[Skill],'BUPA Seguros'!$L$3) -> 0 | AR10: =+AS10/86400 -> #VALUE! | AS10: {=SUMPRODUCT(_xlfn.CHOOSECOLS(_xlfn._xlws.FILTER(_xlfn.CHOOSECOLS(Regiones[#Data],1,6,15,16),(_xlfn.CHOOSECOLS(_xlfn.CHOOSECOLS(Regiones[#Data],1,6,15,16),1)=L10)*(_xlfn.CHOOSECOLS(_xlfn.CHOOSECOLS(Regiones[#Data],1,6,15,16),4)=$L$3)),2),_xlfn.CHOOSECOLS(_xlfn._xlws.FILTER(_xlfn.CHOOSECOLS(Regiones[#Data],1,6,15,16),(_xlfn.CHOOSECOLS(_xlfn.CHOOSECOLS(Regiones[#Data],1,6,15,16),1)=L10)*(_xlfn.CHOOSECOLS(_xlfn.CHOOSECOLS(Regiones[#Data],1,6,15,16),4)=$L$3)),3))/SUM(_xlfn.CHOOSECOLS(_xlfn._xlws.FILTER(_xlfn.CHOOSECOLS(Regiones[#Data],1,6,15,16),(_xlfn.CHOOSECOLS(_xlfn.CHOOSECOLS(Regiones[#Data],1,6,15,16),1)=L10)*(_xlfn.CHOOSECOLS(_xlfn.CHOOSECOLS(Regiones[#Data],1,6,15,16),4)=$L$3)),2))} -> #VALUE!
B11: =+B10 -> 46204 | C11: 0.10416667 | D11: =+SUMIFS(Regiones[Ofrecidas],Regiones[Fecha],Tabla54[[#This Row],[Fecha]],Regiones[Intervalo],Tabla54[[#This Row],[Intervalo]],Regiones[Skill],'BUPA Seguros'!$L$3) -> 0 | E11: =+SUMIFS(Regiones[Contestadas],Regiones[Fecha],Tabla54[[#This Row],[Fecha]],Regiones[Intervalo],Tabla54[[#This Row],[Intervalo]],Regiones[Skill],'BUPA Seguros'!$L$3) -> 0 | F11: 0 | G11: =IFERROR(SUMIFS(Regiones[TMO],Regiones[Fecha],Tabla54[[#This Row],[Fecha]],Regiones[Intervalo],Tabla54[[#This Row],[Intervalo]],Regiones[Skill],'BUPA Seguros'!$L$3)/Tabla54[[#This Row],[Atendidas]],0) -> 0 | H11: =IFERROR(SUMIFS(Regiones[Aten < 20 seg],Regiones[Fecha],Tabla54[[#This Row],[Fecha]],Regiones[Intervalo],Tabla54[[#This Row],[Intervalo]],Regiones[Skill],'BUPA Seguros'!$L$3)/Tabla54[[#This Row],[Recibidas]],0) -> 0 | I11: =IFERROR(Tabla54[[#This Row],[Atendidas]]/Tabla54[[#This Row],[Recibidas]],0) -> 0 | L11: =+L10+1 -> 46210 | M11: =+SUMIFS(Tabla54[Forecast],Tabla54[Fecha],$L11) -> 712.29078 | N11: =+SUMIFS(Regiones[Ofrecidas],Regiones[Fecha2],'BUPA Seguros'!$L11,Regiones[Skill],'BUPA Seguros'!$L$3) -> 0 | P11: =+SUMIFS(Regiones[Contestadas],Regiones[Fecha2],'BUPA Seguros'!$L11,Regiones[Skill],'BUPA Seguros'!$L$3) -> 0 | Q11: =+SUMIFS(Regiones[Aten < 20 seg],Regiones[Fecha2],'BUPA Seguros'!$L11,Regiones[Skill],'BUPA Seguros'!$L$3) -> 0 | R11: =+N11-P11 -> 0 | S11: =IFERROR(R11/N11,"") | T11: =IFERROR(Q11/N11,"") | U11: =IFERROR(P11/N11,"") | W11: 0.39583333 | X11: =+SUMIFS(Tabla54[Recibidas],Tabla54[Fecha],$X$3,Tabla54[Intervalo],$W11) -> 0 | Y11: =+SUMIFS(Tabla54[Forecast],Tabla54[Fecha],$X$3,Tabla54[Intervalo],$W11) -> 52.405168 | Z11: =+SUMIFS(Tabla54[Atendidas],Tabla54[Fecha],$X$3,Tabla54[Intervalo],$W11) -> 0 | AA11: =+X11-Z11 -> 0 | AB11: =+SUMIFS(Regiones[Aten < 20 seg],Regiones[Fecha],'BUPA Seguros'!$X$3,Regiones[Intervalo],'BUPA Seguros'!$W11,Regiones[Skill],'BUPA Seguros'!$L$3) -> 0 | AR11: =+AS11/86400 -> #VALUE! | AS11: {=SUMPRODUCT(_xlfn.CHOOSECOLS(_xlfn._xlws.FILTER(_xlfn.CHOOSECOLS(Regiones[#Data],1,6,15,16),(_xlfn.CHOOSECOLS(_xlfn.CHOOSECOLS(Regiones[#Data],1,6,15,16),1)=L11)*(_xlfn.CHOOSECOLS(_xlfn.CHOOSECOLS(Regiones[#Data],1,6,15,16),4)=$L$3)),2),_xlfn.CHOOSECOLS(_xlfn._xlws.FILTER(_xlfn.CHOOSECOLS(Regiones[#Data],1,6,15,16),(_xlfn.CHOOSECOLS(_xlfn.CHOOSECOLS(Regiones[#Data],1,6,15,16),1)=L11)*(_xlfn.CHOOSECOLS(_xlfn.CHOOSECOLS(Regiones[#Data],1,6,15,16),4)=$L$3)),3))/SUM(_xlfn.CHOOSECOLS(_xlfn._xlws.FILTER(_xlfn.CHOOSECOLS(Regiones[#Data],1,6,15,16),(_xlfn.CHOOSECOLS(_xlfn.CHOOSECOLS(Regiones[#Data],1,6,15,16),1)=L11)*(_xlfn.CHOOSECOLS(_xlfn.CHOOSECOLS(Regiones[#Data],1,6,15,16),4)=$L$3)),2))} -> #VALUE!
B12: =+B11 -> 46204 | C12: 0.125 | D12: =+SUMIFS(Regiones[Ofrecidas],Regiones[Fecha],Tabla54[[#This Row],[Fecha]],Regiones[Intervalo],Tabla54[[#This Row],[Intervalo]],Regiones[Skill],'BUPA Seguros'!$L$3) -> 0 | E12: =+SUMIFS(Regiones[Contestadas],Regiones[Fecha],Tabla54[[#This Row],[Fecha]],Regiones[Intervalo],Tabla54[[#This Row],[Intervalo]],Regiones[Skill],'BUPA Seguros'!$L$3) -> 0 | F12: 0 | G12: =IFERROR(SUMIFS(Regiones[TMO],Regiones[Fecha],Tabla54[[#This Row],[Fecha]],Regiones[Intervalo],Tabla54[[#This Row],[Intervalo]],Regiones[Skill],'BUPA Seguros'!$L$3)/Tabla54[[#This Row],[Atendidas]],0) -> 0 | H12: =IFERROR(SUMIFS(Regiones[Aten < 20 seg],Regiones[Fecha],Tabla54[[#This Row],[Fecha]],Regiones[Intervalo],Tabla54[[#This Row],[Intervalo]],Regiones[Skill],'BUPA Seguros'!$L$3)/Tabla54[[#This Row],[Recibidas]],0) -> 0 | I12: =IFERROR(Tabla54[[#This Row],[Atendidas]]/Tabla54[[#This Row],[Recibidas]],0) -> 0 | L12: =+L11+1 -> 46211 | M12: =+SUMIFS(Tabla54[Forecast],Tabla54[Fecha],$L12) -> 568.80775 | N12: =+SUMIFS(Regiones[Ofrecidas],Regiones[Fecha2],'BUPA Seguros'!$L12,Regiones[Skill],'BUPA Seguros'!$L$3) -> 0 | P12: =+SUMIFS(Regiones[Contestadas],Regiones[Fecha2],'BUPA Seguros'!$L12,Regiones[Skill],'BUPA Seguros'!$L$3) -> 0 | Q12: =+SUMIFS(Regiones[Aten < 20 seg],Regiones[Fecha2],'BUPA Seguros'!$L12,Regiones[Skill],'BUPA Seguros'!$L$3) -> 0 | R12: =+N12-P12 -> 0 | S12: =IFERROR(R12/N12,"") | T12: =IFERROR(Q12/N12,"") | U12: =IFERROR(P12/N12,"") | W12: 0.41666667 | X12: =+SUMIFS(Tabla54[Recibidas],Tabla54[Fecha],$X$3,Tabla54[Intervalo],$W12) -> 0 | Y12: =+SUMIFS(Tabla54[Forecast],Tabla54[Fecha],$X$3,Tabla54[Intervalo],$W12) -> 53.429117 | Z12: =+SUMIFS(Tabla54[Atendidas],Tabla54[Fecha],$X$3,Tabla54[Intervalo],$W12) -> 0 | AA12: =+X12-Z12 -> 0 | AB12: =+SUMIFS(Regiones[Aten < 20 seg],Regiones[Fecha],'BUPA Seguros'!$X$3,Regiones[Intervalo],'BUPA Seguros'!$W12,Regiones[Skill],'BUPA Seguros'!$L$3) -> 0 | AR12: =+AS12/86400 -> #VALUE! | AS12: {=SUMPRODUCT(_xlfn.CHOOSECOLS(_xlfn._xlws.FILTER(_xlfn.CHOOSECOLS(Regiones[#Data],1,6,15,16),(_xlfn.CHOOSECOLS(_xlfn.CHOOSECOLS(Regiones[#Data],1,6,15,16),1)=L12)*(_xlfn.CHOOSECOLS(_xlfn.CHOOSECOLS(Regiones[#Data],1,6,15,16),4)=$L$3)),2),_xlfn.CHOOSECOLS(_xlfn._xlws.FILTER(_xlfn.CHOOSECOLS(Regiones[#Data],1,6,15,16),(_xlfn.CHOOSECOLS(_xlfn.CHOOSECOLS(Regiones[#Data],1,6,15,16),1)=L12)*(_xlfn.CHOOSECOLS(_xlfn.CHOOSECOLS(Regiones[#Data],1,6,15,16),4)=$L$3)),3))/SUM(_xlfn.CHOOSECOLS(_xlfn._xlws.FILTER(_xlfn.CHOOSECOLS(Regiones[#Data],1,6,15,16),(_xlfn.CHOOSECOLS(_xlfn.CHOOSECOLS(Regiones[#Data],1,6,15,16),1)=L12)*(_xlfn.CHOOSECOLS(_xlfn.CHOOSECOLS(Regiones[#Data],1,6,15,16),4)=$L$3)),2))} -> #VALUE!
B13: =+B12 -> 46204 | C13: 0.14583333 | D13: =+SUMIFS(Regiones[Ofrecidas],Regiones[Fecha],Tabla54[[#This Row],[Fecha]],Regiones[Intervalo],Tabla54[[#This Row],[Intervalo]],Regiones[Skill],'BUPA Seguros'!$L$3) -> 0 | E13: =+SUMIFS(Regiones[Contestadas],Regiones[Fecha],Tabla54[[#This Row],[Fecha]],Regiones[Intervalo],Tabla54[[#This Row],[Intervalo]],Regiones[Skill],'BUPA Seguros'!$L$3) -> 0 | F13: 0 | G13: =IFERROR(SUMIFS(Regiones[TMO],Regiones[Fecha],Tabla54[[#This Row],[Fecha]],Regiones[Intervalo],Tabla54[[#This Row],[Intervalo]],Regiones[Skill],'BUPA Seguros'!$L$3)/Tabla54[[#This Row],[Atendidas]],0) -> 0 | H13: =IFERROR(SUMIFS(Regiones[Aten < 20 seg],Regiones[Fecha],Tabla54[[#This Row],[Fecha]],Regiones[Intervalo],Tabla54[[#This Row],[Intervalo]],Regiones[Skill],'BUPA Seguros'!$L$3)/Tabla54[[#This Row],[Recibidas]],0) -> 0 | I13: =IFERROR(Tabla54[[#This Row],[Atendidas]]/Tabla54[[#This Row],[Recibidas]],0) -> 0 | L13: =+L12+1 -> 46212 | M13: =+SUMIFS(Tabla54[Forecast],Tabla54[Fecha],$L13) -> 580.76466 | N13: =+SUMIFS(Regiones[Ofrecidas],Regiones[Fecha2],'BUPA Seguros'!$L13,Regiones[Skill],'BUPA Seguros'!$L$3) -> 0 | P13: =+SUMIFS(Regiones[Contestadas],Regiones[Fecha2],'BUPA Seguros'!$L13,Regiones[Skill],'BUPA Seguros'!$L$3) -> 0 | Q13: =+SUMIFS(Regiones[Aten < 20 seg],Regiones[Fecha2],'BUPA Seguros'!$L13,Regiones[Skill],'BUPA Seguros'!$L$3) -> 0 | R13: =+N13-P13 -> 0 | S13: =IFERROR(R13/N13,"") | T13: =IFERROR(Q13/N13,"") | U13: =IFERROR(P13/N13,"") | W13: 0.4375 | X13: =+SUMIFS(Tabla54[Recibidas],Tabla54[Fecha],$X$3,Tabla54[Intervalo],$W13) -> 0 | Y13: =+SUMIFS(Tabla54[Forecast],Tabla54[Fecha],$X$3,Tabla54[Intervalo],$W13) -> 54.78563 | Z13: =+SUMIFS(Tabla54[Atendidas],Tabla54[Fecha],$X$3,Tabla54[Intervalo],$W13) -> 0 | AA13: =+X13-Z13 -> 0 | AB13: =+SUMIFS(Regiones[Aten < 20 seg],Regiones[Fecha],'BUPA Seguros'!$X$3,Regiones[Intervalo],'BUPA Seguros'!$W13,Regiones[Skill],'BUPA Seguros'!$L$3) -> 0
B14: =+B13 -> 46204 | C14: 0.16666667 | D14: =+SUMIFS(Regiones[Ofrecidas],Regiones[Fecha],Tabla54[[#This Row],[Fecha]],Regiones[Intervalo],Tabla54[[#This Row],[Intervalo]],Regiones[Skill],'BUPA Seguros'!$L$3) -> 0 | E14: =+SUMIFS(Regiones[Contestadas],Regiones[Fecha],Tabla54[[#This Row],[Fecha]],Regiones[Intervalo],Tabla54[[#This Row],[Intervalo]],Regiones[Skill],'BUPA Seguros'!$L$3) -> 0 | F14: 0 | G14: =IFERROR(SUMIFS(Regiones[TMO],Regiones[Fecha],Tabla54[[#This Row],[Fecha]],Regiones[Intervalo],Tabla54[[#This Row],[Intervalo]],Regiones[Skill],'BUPA Seguros'!$L$3)/Tabla54[[#This Row],[Atendidas]],0) -> 0 | H14: =IFERROR(SUMIFS(Regiones[Aten < 20 seg],Regiones[Fecha],Tabla54[[#This Row],[Fecha]],Regiones[Intervalo],Tabla54[[#This Row],[Intervalo]],Regiones[Skill],'BUPA Seguros'!$L$3)/Tabla54[[#This Row],[Recibidas]],0) -> 0 | I14: =IFERROR(Tabla54[[#This Row],[Atendidas]]/Tabla54[[#This Row],[Recibidas]],0) -> 0 | L14: =+L13+1 -> 46213 | M14: =+SUMIFS(Tabla54[Forecast],Tabla54[Fecha],$L14) -> 434.71943 | N14: =+SUMIFS(Regiones[Ofrecidas],Regiones[Fecha2],'BUPA Seguros'!$L14,Regiones[Skill],'BUPA Seguros'!$L$3) -> 0 | P14: =+SUMIFS(Regiones[Contestadas],Regiones[Fecha2],'BUPA Seguros'!$L14,Regiones[Skill],'BUPA Seguros'!$L$3) -> 0 | Q14: =+SUMIFS(Regiones[Aten < 20 seg],Regiones[Fecha2],'BUPA Seguros'!$L14,Regiones[Skill],'BUPA Seguros'!$L$3) -> 0 | R14: =+N14-P14 -> 0 | S14: =IFERROR(R14/N14,"") | T14: =IFERROR(Q14/N14,"") | U14: =IFERROR(P14/N14,"") | W14: 0.45833333 | X14: =+SUMIFS(Tabla54[Recibidas],Tabla54[Fecha],$X$3,Tabla54[Intervalo],$W14) -> 0 | Y14: =+SUMIFS(Tabla54[Forecast],Tabla54[Fecha],$X$3,Tabla54[Intervalo],$W14) -> 56.273418 | Z14: =+SUMIFS(Tabla54[Atendidas],Tabla54[Fecha],$X$3,Tabla54[Intervalo],$W14) -> 0 | AA14: =+X14-Z14 -> 0 | AB14: =+SUMIFS(Regiones[Aten < 20 seg],Regiones[Fecha],'BUPA Seguros'!$X$3,Regiones[Intervalo],'BUPA Seguros'!$W14,Regiones[Skill],'BUPA Seguros'!$L$3) -> 0
B15: =+B14 -> 46204 | C15: 0.1875 | D15: =+SUMIFS(Regiones[Ofrecidas],Regiones[Fecha],Tabla54[[#This Row],[Fecha]],Regiones[Intervalo],Tabla54[[#This Row],[Intervalo]],Regiones[Skill],'BUPA Seguros'!$L$3) -> 0 | E15: =+SUMIFS(Regiones[Contestadas],Regiones[Fecha],Tabla54[[#This Row],[Fecha]],Regiones[Intervalo],Tabla54[[#This Row],[Intervalo]],Regiones[Skill],'BUPA Seguros'!$L$3) -> 0 | F15: 0 | G15: =IFERROR(SUMIFS(Regiones[TMO],Regiones[Fecha],Tabla54[[#This Row],[Fecha]],Regiones[Intervalo],Tabla54[[#This Row],[Intervalo]],Regiones[Skill],'BUPA Seguros'!$L$3)/Tabla54[[#This Row],[Atendidas]],0) -> 0 | H15: =IFERROR(SUMIFS(Regiones[Aten < 20 seg],Regiones[Fecha],Tabla54[[#This Row],[Fecha]],Regiones[Intervalo],Tabla54[[#This Row],[Intervalo]],Regiones[Skill],'BUPA Seguros'!$L$3)/Tabla54[[#This Row],[Recibidas]],0) -> 0 | I15: =IFERROR(Tabla54[[#This Row],[Atendidas]]/Tabla54[[#This Row],[Recibidas]],0) -> 0 | L15: =+L14+1 -> 46214 | M15: =+SUMIFS(Tabla54[Forecast],Tabla54[Fecha],$L15) -> 0 | N15: =+SUMIFS(Regiones[Ofrecidas],Regiones[Fecha2],'BUPA Seguros'!$L15,Regiones[Skill],'BUPA Seguros'!$L$3) -> 0 | P15: =+SUMIFS(Regiones[Contestadas],Regiones[Fecha2],'BUPA Seguros'!$L15,Regiones[Skill],'BUPA Seguros'!$L$3) -> 0 | Q15: =+SUMIFS(Regiones[Aten < 20 seg],Regiones[Fecha2],'BUPA Seguros'!$L15,Regiones[Skill],'BUPA Seguros'!$L$3) -> 0 | R15: =+N15-P15 -> 0 | S15: =IFERROR(R15/N15,"") | T15: =IFERROR(Q15/N15,"") | U15: =IFERROR(P15/N15,"") | W15: 0.47916667 | X15: =+SUMIFS(Tabla54[Recibidas],Tabla54[Fecha],$X$3,Tabla54[Intervalo],$W15) -> 0 | Y15: =+SUMIFS(Tabla54[Forecast],Tabla54[Fecha],$X$3,Tabla54[Intervalo],$W15) -> 55.135698 | Z15: =+SUMIFS(Tabla54[Atendidas],Tabla54[Fecha],$X$3,Tabla54[Intervalo],$W15) -> 0 | AA15: =+X15-Z15 -> 0 | AB15: =+SUMIFS(Regiones[Aten < 20 seg],Regiones[Fecha],'BUPA Seguros'!$X$3,Regiones[Intervalo],'BUPA Seguros'!$W15,Regiones[Skill],'BUPA Seguros'!$L$3) -> 0
B16: =+B15 -> 46204 | C16: 0.20833333 | D16: =+SUMIFS(Regiones[Ofrecidas],Regiones[Fecha],Tabla54[[#This Row],[Fecha]],Regiones[Intervalo],Tabla54[[#This Row],[Intervalo]],Regiones[Skill],'BUPA Seguros'!$L$3) -> 0 | E16: =+SUMIFS(Regiones[Contestadas],Regiones[Fecha],Tabla54[[#This Row],[Fecha]],Regiones[Intervalo],Tabla54[[#This Row],[Intervalo]],Regiones[Skill],'BUPA Seguros'!$L$3) -> 0 | F16: 0 | G16: =IFERROR(SUMIFS(Regiones[TMO],Regiones[Fecha],Tabla54[[#This Row],[Fecha]],Regiones[Intervalo],Tabla54[[#This Row],[Intervalo]],Regiones[Skill],'BUPA Seguros'!$L$3)/Tabla54[[#This Row],[Atendidas]],0) -> 0 | H16: =IFERROR(SUMIFS(Regiones[Aten < 20 seg],Regiones[Fecha],Tabla54[[#This Row],[Fecha]],Regiones[Intervalo],Tabla54[[#This Row],[Intervalo]],Regiones[Skill],'BUPA Seguros'!$L$3)/Tabla54[[#This Row],[Recibidas]],0) -> 0 | I16: =IFERROR(Tabla54[[#This Row],[Atendidas]]/Tabla54[[#This Row],[Recibidas]],0) -> 0 | L16: =+L15+1 -> 46215 | M16: =+SUMIFS(Tabla54[Forecast],Tabla54[Fecha],$L16) -> 0 | N16: =+SUMIFS(Regiones[Ofrecidas],Regiones[Fecha2],'BUPA Seguros'!$L16,Regiones[Skill],'BUPA Seguros'!$L$3) -> 0 | P16: =+SUMIFS(Regiones[Contestadas],Regiones[Fecha2],'BUPA Seguros'!$L16,Regiones[Skill],'BUPA Seguros'!$L$3) -> 0 | Q16: =+SUMIFS(Regiones[Aten < 20 seg],Regiones[Fecha2],'BUPA Seguros'!$L16,Regiones[Skill],'BUPA Seguros'!$L$3) -> 0 | R16: =+N16-P16 -> 0 | S16: =IFERROR(R16/N16,"") | T16: =IFERROR(Q16/N16,"") | U16: =IFERROR(P16/N16,"") | W16: 0.5 | X16: =+SUMIFS(Tabla54[Recibidas],Tabla54[Fecha],$X$3,Tabla54[Intervalo],$W16) -> 0 | Y16: =+SUMIFS(Tabla54[Forecast],Tabla54[Fecha],$X$3,Tabla54[Intervalo],$W16) -> 54.085494 | Z16: =+SUMIFS(Tabla54[Atendidas],Tabla54[Fecha],$X$3,Tabla54[Intervalo],$W16) -> 0 | AA16: =+X16-Z16 -> 0 | AB16: =+SUMIFS(Regiones[Aten < 20 seg],Regiones[Fecha],'BUPA Seguros'!$X$3,Regiones[Intervalo],'BUPA Seguros'!$W16,Regiones[Skill],'BUPA Seguros'!$L$3) -> 0
B17: =+B16 -> 46204 | C17: 0.22916667 | D17: =+SUMIFS(Regiones[Ofrecidas],Regiones[Fecha],Tabla54[[#This Row],[Fecha]],Regiones[Intervalo],Tabla54[[#This Row],[Intervalo]],Regiones[Skill],'BUPA Seguros'!$L$3) -> 0 | E17: =+SUMIFS(Regiones[Contestadas],Regiones[Fecha],Tabla54[[#This Row],[Fecha]],Regiones[Intervalo],Tabla54[[#This Row],[Intervalo]],Regiones[Skill],'BUPA Seguros'!$L$3) -> 0 | F17: 0 | G17: =IFERROR(SUMIFS(Regiones[TMO],Regiones[Fecha],Tabla54[[#This Row],[Fecha]],Regiones[Intervalo],Tabla54[[#This Row],[Intervalo]],Regiones[Skill],'BUPA Seguros'!$L$3)/Tabla54[[#This Row],[Atendidas]],0) -> 0 | H17: =IFERROR(SUMIFS(Regiones[Aten < 20 seg],Regiones[Fecha],Tabla54[[#This Row],[Fecha]],Regiones[Intervalo],Tabla54[[#This Row],[Intervalo]],Regiones[Skill],'BUPA Seguros'!$L$3)/Tabla54[[#This Row],[Recibidas]],0) -> 0 | I17: =IFERROR(Tabla54[[#This Row],[Atendidas]]/Tabla54[[#This Row],[Recibidas]],0) -> 0 | L17: =+L16+1 -> 46216 | M17: =+SUMIFS(Tabla54[Forecast],Tabla54[Fecha],$L17) -> 821.61119 | N17: =+SUMIFS(Regiones[Ofrecidas],Regiones[Fecha2],'BUPA Seguros'!$L17,Regiones[Skill],'BUPA Seguros'!$L$3) -> 0 | P17: =+SUMIFS(Regiones[Contestadas],Regiones[Fecha2],'BUPA Seguros'!$L17,Regiones[Skill],'BUPA Seguros'!$L$3) -> 0 | Q17: =+SUMIFS(Regiones[Aten < 20 seg],Regiones[Fecha2],'BUPA Seguros'!$L17,Regiones[Skill],'BUPA Seguros'!$L$3) -> 0 | R17: =+N17-P17 -> 0 | S17: =IFERROR(R17/N17,"") | T17: =IFERROR(Q17/N17,"") | U17: =IFERROR(P17/N17,"") | W17: 0.52083333 | X17: =+SUMIFS(Tabla54[Recibidas],Tabla54[Fecha],$X$3,Tabla54[Intervalo],$W17) -> 0 | Y17: =+SUMIFS(Tabla54[Forecast],Tabla54[Fecha],$X$3,Tabla54[Intervalo],$W17) -> 50.14723 | Z17: =+SUMIFS(Tabla54[Atendidas],Tabla54[Fecha],$X$3,Tabla54[Intervalo],$W17) -> 0 | AA17: =+X17-Z17 -> 0 | AB17: =+SUMIFS(Regiones[Aten < 20 seg],Regiones[Fecha],'BUPA Seguros'!$X$3,Regiones[Intervalo],'BUPA Seguros'!$W17,Regiones[Skill],'BUPA Seguros'!$L$3) -> 0
B18: =+B17 -> 46204 | C18: 0.25 | D18: =+SUMIFS(Regiones[Ofrecidas],Regiones[Fecha],Tabla54[[#This Row],[Fecha]],Regiones[Intervalo],Tabla54[[#This Row],[Intervalo]],Regiones[Skill],'BUPA Seguros'!$L$3) -> 0 | E18: =+SUMIFS(Regiones[Contestadas],Regiones[Fecha],Tabla54[[#This Row],[Fecha]],Regiones[Intervalo],Tabla54[[#This Row],[Intervalo]],Regiones[Skill],'BUPA Seguros'!$L$3) -> 0 | F18: 0 | G18: =IFERROR(SUMIFS(Regiones[TMO],Regiones[Fecha],Tabla54[[#This Row],[Fecha]],Regiones[Intervalo],Tabla54[[#This Row],[Intervalo]],Regiones[Skill],'BUPA Seguros'!$L$3)/Tabla54[[#This Row],[Atendidas]],0) -> 0 | H18: =IFERROR(SUMIFS(Regiones[Aten < 20 seg],Regiones[Fecha],Tabla54[[#This Row],[Fecha]],Regiones[Intervalo],Tabla54[[#This Row],[Intervalo]],Regiones[Skill],'BUPA Seguros'!$L$3)/Tabla54[[#This Row],[Recibidas]],0) -> 0 | I18: =IFERROR(Tabla54[[#This Row],[Atendidas]]/Tabla54[[#This Row],[Recibidas]],0) -> 0 | L18: =+L17+1 -> 46217 | M18: =+SUMIFS(Tabla54[Forecast],Tabla54[Fecha],$L18) -> 684.10661 | N18: =+SUMIFS(Regiones[Ofrecidas],Regiones[Fecha2],'BUPA Seguros'!$L18,Regiones[Skill],'BUPA Seguros'!$L$3) -> 0 | P18: =+SUMIFS(Regiones[Contestadas],Regiones[Fecha2],'BUPA Seguros'!$L18,Regiones[Skill],'BUPA Seguros'!$L$3) -> 0 | Q18: =+SUMIFS(Regiones[Aten < 20 seg],Regiones[Fecha2],'BUPA Seguros'!$L18,Regiones[Skill],'BUPA Seguros'!$L$3) -> 0 | R18: =+N18-P18 -> 0 | S18: =IFERROR(R18/N18,"") | T18: =IFERROR(Q18/N18,"") | U18: =IFERROR(P18/N18,"") | W18: 0.54166667 | X18: =+SUMIFS(Tabla54[Recibidas],Tabla54[Fecha],$X$3,Tabla54[Intervalo],$W18) -> 0 | Y18: =+SUMIFS(Tabla54[Forecast],Tabla54[Fecha],$X$3,Tabla54[Intervalo],$W18) -> 47.31168 | Z18: =+SUMIFS(Tabla54[Atendidas],Tabla54[Fecha],$X$3,Tabla54[Intervalo],$W18) -> 0 | AA18: =+X18-Z18 -> 0 | AB18: =+SUMIFS(Regiones[Aten < 20 seg],Regiones[Fecha],'BUPA Seguros'!$X$3,Regiones[Intervalo],'BUPA Seguros'!$W18,Regiones[Skill],'BUPA Seguros'!$L$3) -> 0
B19: =+B18 -> 46204 | C19: 0.27083333 | D19: =+SUMIFS(Regiones[Ofrecidas],Regiones[Fecha],Tabla54[[#This Row],[Fecha]],Regiones[Intervalo],Tabla54[[#This Row],[Intervalo]],Regiones[Skill],'BUPA Seguros'!$L$3) -> 0 | E19: =+SUMIFS(Regiones[Contestadas],Regiones[Fecha],Tabla54[[#This Row],[Fecha]],Regiones[Intervalo],Tabla54[[#This Row],[Intervalo]],Regiones[Skill],'BUPA Seguros'!$L$3) -> 0 | F19: 0 | G19: =IFERROR(SUMIFS(Regiones[TMO],Regiones[Fecha],Tabla54[[#This Row],[Fecha]],Regiones[Intervalo],Tabla54[[#This Row],[Intervalo]],Regiones[Skill],'BUPA Seguros'!$L$3)/Tabla54[[#This Row],[Atendidas]],0) -> 0 | H19: =IFERROR(SUMIFS(Regiones[Aten < 20 seg],Regiones[Fecha],Tabla54[[#This Row],[Fecha]],Regiones[Intervalo],Tabla54[[#This Row],[Intervalo]],Regiones[Skill],'BUPA Seguros'!$L$3)/Tabla54[[#This Row],[Recibidas]],0) -> 0 | I19: =IFERROR(Tabla54[[#This Row],[Atendidas]]/Tabla54[[#This Row],[Recibidas]],0) -> 0 | L19: =+L18+1 -> 46218 | M19: =+SUMIFS(Tabla54[Forecast],Tabla54[Fecha],$L19) -> 615.69595 | N19: =+SUMIFS(Regiones[Ofrecidas],Regiones[Fecha2],'BUPA Seguros'!$L19,Regiones[Skill],'BUPA Seguros'!$L$3) -> 0 | P19: =+SUMIFS(Regiones[Contestadas],Regiones[Fecha2],'BUPA Seguros'!$L19,Regiones[Skill],'BUPA Seguros'!$L$3) -> 0 | Q19: =+SUMIFS(Regiones[Aten < 20 seg],Regiones[Fecha2],'BUPA Seguros'!$L19,Regiones[Skill],'BUPA Seguros'!$L$3) -> 0 | R19: =+N19-P19 -> 0 | S19: =IFERROR(R19/N19,"") | T19: =IFERROR(Q19/N19,"") | U19: =IFERROR(P19/N19,"") | W19: 0.5625 | X19: =+SUMIFS(Tabla54[Recibidas],Tabla54[Fecha],$X$3,Tabla54[Intervalo],$W19) -> 0 | Y19: =+SUMIFS(Tabla54[Forecast],Tabla54[Fecha],$X$3,Tabla54[Intervalo],$W19) -> 43.846007 | Z19: =+SUMIFS(Tabla54[Atendidas],Tabla54[Fecha],$X$3,Tabla54[Intervalo],$W19) -> 0 | AA19: =+X19-Z19 -> 0 | AB19: =+SUMIFS(Regiones[Aten < 20 seg],Regiones[Fecha],'BUPA Seguros'!$X$3,Regiones[Intervalo],'BUPA Seguros'!$W19,Regiones[Skill],'BUPA Seguros'!$L$3) -> 0
B20: =+B19 -> 46204 | C20: 0.29166667 | D20: =+SUMIFS(Regiones[Ofrecidas],Regiones[Fecha],Tabla54[[#This Row],[Fecha]],Regiones[Intervalo],Tabla54[[#This Row],[Intervalo]],Regiones[Skill],'BUPA Seguros'!$L$3) -> 0 | E20: =+SUMIFS(Regiones[Contestadas],Regiones[Fecha],Tabla54[[#This Row],[Fecha]],Regiones[Intervalo],Tabla54[[#This Row],[Intervalo]],Regiones[Skill],'BUPA Seguros'!$L$3) -> 0 | F20: 0 | G20: =IFERROR(SUMIFS(Regiones[TMO],Regiones[Fecha],Tabla54[[#This Row],[Fecha]],Regiones[Intervalo],Tabla54[[#This Row],[Intervalo]],Regiones[Skill],'BUPA Seguros'!$L$3)/Tabla54[[#This Row],[Atendidas]],0) -> 0 | H20: =IFERROR(SUMIFS(Regiones[Aten < 20 seg],Regiones[Fecha],Tabla54[[#This Row],[Fecha]],Regiones[Intervalo],Tabla54[[#This Row],[Intervalo]],Regiones[Skill],'BUPA Seguros'!$L$3)/Tabla54[[#This Row],[Recibidas]],0) -> 0 | I20: =IFERROR(Tabla54[[#This Row],[Atendidas]]/Tabla54[[#This Row],[Recibidas]],0) -> 0 | L20: =+L19+1 -> 46219 | M20: =+SUMIFS(Tabla54[Forecast],Tabla54[Fecha],$L20) -> 0 | N20: =+SUMIFS(Regiones[Ofrecidas],Regiones[Fecha2],'BUPA Seguros'!$L20,Regiones[Skill],'BUPA Seguros'!$L$3) -> 0 | P20: =+SUMIFS(Regiones[Contestadas],Regiones[Fecha2],'BUPA Seguros'!$L20,Regiones[Skill],'BUPA Seguros'!$L$3) -> 0 | Q20: =+SUMIFS(Regiones[Aten < 20 seg],Regiones[Fecha2],'BUPA Seguros'!$L20,Regiones[Skill],'BUPA Seguros'!$L$3) -> 0 | R20: =+N20-P20 -> 0 | S20: =IFERROR(R20/N20,"") | T20: =IFERROR(Q20/N20,"") | U20: =IFERROR(P20/N20,"") | W20: 0.58333333 | X20: =+SUMIFS(Tabla54[Recibidas],Tabla54[Fecha],$X$3,Tabla54[Intervalo],$W20) -> 0 | Y20: =+SUMIFS(Tabla54[Forecast],Tabla54[Fecha],$X$3,Tabla54[Intervalo],$W20) -> 42.218191 | Z20: =+SUMIFS(Tabla54[Atendidas],Tabla54[Fecha],$X$3,Tabla54[Intervalo],$W20) -> 0 | AA20: =+X20-Z20 -> 0 | AB20: =+SUMIFS(Regiones[Aten < 20 seg],Regiones[Fecha],'BUPA Seguros'!$X$3,Regiones[Intervalo],'BUPA Seguros'!$W20,Regiones[Skill],'BUPA Seguros'!$L$3) -> 0
B21: =+B20 -> 46204 | C21: 0.3125 | D21: =+SUMIFS(Regiones[Ofrecidas],Regiones[Fecha],Tabla54[[#This Row],[Fecha]],Regiones[Intervalo],Tabla54[[#This Row],[Intervalo]],Regiones[Skill],'BUPA Seguros'!$L$3) -> 0 | E21: =+SUMIFS(Regiones[Contestadas],Regiones[Fecha],Tabla54[[#This Row],[Fecha]],Regiones[Intervalo],Tabla54[[#This Row],[Intervalo]],Regiones[Skill],'BUPA Seguros'!$L$3) -> 0 | F21: 0 | G21: =IFERROR(SUMIFS(Regiones[TMO],Regiones[Fecha],Tabla54[[#This Row],[Fecha]],Regiones[Intervalo],Tabla54[[#This Row],[Intervalo]],Regiones[Skill],'BUPA Seguros'!$L$3)/Tabla54[[#This Row],[Atendidas]],0) -> 0 | H21: =IFERROR(SUMIFS(Regiones[Aten < 20 seg],Regiones[Fecha],Tabla54[[#This Row],[Fecha]],Regiones[Intervalo],Tabla54[[#This Row],[Intervalo]],Regiones[Skill],'BUPA Seguros'!$L$3)/Tabla54[[#This Row],[Recibidas]],0) -> 0 | I21: =IFERROR(Tabla54[[#This Row],[Atendidas]]/Tabla54[[#This Row],[Recibidas]],0) -> 0 | L21: =+L20+1 -> 46220 | M21: =+SUMIFS(Tabla54[Forecast],Tabla54[Fecha],$L21) -> 449.66558 | N21: =+SUMIFS(Regiones[Ofrecidas],Regiones[Fecha2],'BUPA Seguros'!$L21,Regiones[Skill],'BUPA Seguros'!$L$3) -> 0 | P21: =+SUMIFS(Regiones[Contestadas],Regiones[Fecha2],'BUPA Seguros'!$L21,Regiones[Skill],'BUPA Seguros'!$L$3) -> 0 | Q21: =+SUMIFS(Regiones[Aten < 20 seg],Regiones[Fecha2],'BUPA Seguros'!$L21,Regiones[Skill],'BUPA Seguros'!$L$3) -> 0 | R21: =+N21-P21 -> 0 | S21: =IFERROR(R21/N21,"") | T21: =IFERROR(Q21/N21,"") | U21: =IFERROR(P21/N21,"") | W21: 0.60416667 | X21: =+SUMIFS(Tabla54[Recibidas],Tabla54[Fecha],$X$3,Tabla54[Intervalo],$W21) -> 0 | Y21: =+SUMIFS(Tabla54[Forecast],Tabla54[Fecha],$X$3,Tabla54[Intervalo],$W21) -> 41.220498 | Z21: =+SUMIFS(Tabla54[Atendidas],Tabla54[Fecha],$X$3,Tabla54[Intervalo],$W21) -> 0 | AA21: =+X21-Z21 -> 0 | AB21: =+SUMIFS(Regiones[Aten < 20 seg],Regiones[Fecha],'BUPA Seguros'!$X$3,Regiones[Intervalo],'BUPA Seguros'!$W21,Regiones[Skill],'BUPA Seguros'!$L$3) -> 0
B22: =+B21 -> 46204 | C22: 0.33333333 | D22: =+SUMIFS(Regiones[Ofrecidas],Regiones[Fecha],Tabla54[[#This Row],[Fecha]],Regiones[Intervalo],Tabla54[[#This Row],[Intervalo]],Regiones[Skill],'BUPA Seguros'!$L$3) -> 0 | E22: =+SUMIFS(Regiones[Contestadas],Regiones[Fecha],Tabla54[[#This Row],[Fecha]],Regiones[Intervalo],Tabla54[[#This Row],[Intervalo]],Regiones[Skill],'BUPA Seguros'!$L$3) -> 0 | F22: 0 | G22: =IFERROR(SUMIFS(Regiones[TMO],Regiones[Fecha],Tabla54[[#This Row],[Fecha]],Regiones[Intervalo],Tabla54[[#This Row],[Intervalo]],Regiones[Skill],'BUPA Seguros'!$L$3)/Tabla54[[#This Row],[Atendidas]],0) -> 0 | H22: =IFERROR(SUMIFS(Regiones[Aten < 20 seg],Regiones[Fecha],Tabla54[[#This Row],[Fecha]],Regiones[Intervalo],Tabla54[[#This Row],[Intervalo]],Regiones[Skill],'BUPA Seguros'!$L$3)/Tabla54[[#This Row],[Recibidas]],0) -> 0 | I22: =IFERROR(Tabla54[[#This Row],[Atendidas]]/Tabla54[[#This Row],[Recibidas]],0) -> 0 | L22: =+L21+1 -> 46221 | M22: =+SUMIFS(Tabla54[Forecast],Tabla54[Fecha],$L22) -> 0 | N22: =+SUMIFS(Regiones[Ofrecidas],Regiones[Fecha2],'BUPA Seguros'!$L22,Regiones[Skill],'BUPA Seguros'!$L$3) -> 0 | P22: =+SUMIFS(Regiones[Contestadas],Regiones[Fecha2],'BUPA Seguros'!$L22,Regiones[Skill],'BUPA Seguros'!$L$3) -> 0 | Q22: =+SUMIFS(Regiones[Aten < 20 seg],Regiones[Fecha2],'BUPA Seguros'!$L22,Regiones[Skill],'BUPA Seguros'!$L$3) -> 0 | R22: =+N22-P22 -> 0 | S22: =IFERROR(R22/N22,"") | T22: =IFERROR(Q22/N22,"") | U22: =IFERROR(P22/N22,"") | W22: 0.625 | X22: =+SUMIFS(Tabla54[Recibidas],Tabla54[Fecha],$X$3,Tabla54[Intervalo],$W22) -> 0 | Y22: =+SUMIFS(Tabla54[Forecast],Tabla54[Fecha],$X$3,Tabla54[Intervalo],$W22) -> 40.92294 | Z22: =+SUMIFS(Tabla54[Atendidas],Tabla54[Fecha],$X$3,Tabla54[Intervalo],$W22) -> 0 | AA22: =+X22-Z22 -> 0 | AB22: =+SUMIFS(Regiones[Aten < 20 seg],Regiones[Fecha],'BUPA Seguros'!$X$3,Regiones[Intervalo],'BUPA Seguros'!$W22,Regiones[Skill],'BUPA Seguros'!$L$3) -> 0
B23: =+B22 -> 46204 | C23: 0.35416667 | D23: =+SUMIFS(Regiones[Ofrecidas],Regiones[Fecha],Tabla54[[#This Row],[Fecha]],Regiones[Intervalo],Tabla54[[#This Row],[Intervalo]],Regiones[Skill],'BUPA Seguros'!$L$3) -> 0 | E23: =+SUMIFS(Regiones[Contestadas],Regiones[Fecha],Tabla54[[#This Row],[Fecha]],Regiones[Intervalo],Tabla54[[#This Row],[Intervalo]],Regiones[Skill],'BUPA Seguros'!$L$3) -> 0 | F23: 0 | G23: =IFERROR(SUMIFS(Regiones[TMO],Regiones[Fecha],Tabla54[[#This Row],[Fecha]],Regiones[Intervalo],Tabla54[[#This Row],[Intervalo]],Regiones[Skill],'BUPA Seguros'!$L$3)/Tabla54[[#This Row],[Atendidas]],0) -> 0 | H23: =IFERROR(SUMIFS(Regiones[Aten < 20 seg],Regiones[Fecha],Tabla54[[#This Row],[Fecha]],Regiones[Intervalo],Tabla54[[#This Row],[Intervalo]],Regiones[Skill],'BUPA Seguros'!$L$3)/Tabla54[[#This Row],[Recibidas]],0) -> 0 | I23: =IFERROR(Tabla54[[#This Row],[Atendidas]]/Tabla54[[#This Row],[Recibidas]],0) -> 0 | L23: =+L22+1 -> 46222 | M23: =+SUMIFS(Tabla54[Forecast],Tabla54[Fecha],$L23) -> 0 | N23: =+SUMIFS(Regiones[Ofrecidas],Regiones[Fecha2],'BUPA Seguros'!$L23,Regiones[Skill],'BUPA Seguros'!$L$3) -> 0 | P23: =+SUMIFS(Regiones[Contestadas],Regiones[Fecha2],'BUPA Seguros'!$L23,Regiones[Skill],'BUPA Seguros'!$L$3) -> 0 | Q23: =+SUMIFS(Regiones[Aten < 20 seg],Regiones[Fecha2],'BUPA Seguros'!$L23,Regiones[Skill],'BUPA Seguros'!$L$3) -> 0 | R23: =+N23-P23 -> 0 | S23: =IFERROR(R23/N23,"") | T23: =IFERROR(Q23/N23,"") | U23: =IFERROR(P23/N23,"") | W23: 0.64583333 | X23: =+SUMIFS(Tabla54[Recibidas],Tabla54[Fecha],$X$3,Tabla54[Intervalo],$W23) -> 0 | Y23: =+SUMIFS(Tabla54[Forecast],Tabla54[Fecha],$X$3,Tabla54[Intervalo],$W23) -> 40.590375 | Z23: =+SUMIFS(Tabla54[Atendidas],Tabla54[Fecha],$X$3,Tabla54[Intervalo],$W23) -> 0 | AA23: =+X23-Z23 -> 0 | AB23: =+SUMIFS(Regiones[Aten < 20 seg],Regiones[Fecha],'BUPA Seguros'!$X$3,Regiones[Intervalo],'BUPA Seguros'!$W23,Regiones[Skill],'BUPA Seguros'!$L$3) -> 0
B24: =+B23 -> 46204 | C24: 0.375 | D24: =+SUMIFS(Regiones[Ofrecidas],Regiones[Fecha],Tabla54[[#This Row],[Fecha]],Regiones[Intervalo],Tabla54[[#This Row],[Intervalo]],Regiones[Skill],'BUPA Seguros'!$L$3) -> 37 | E24: =+SUMIFS(Regiones[Contestadas],Regiones[Fecha],Tabla54[[#This Row],[Fecha]],Regiones[Intervalo],Tabla54[[#This Row],[Intervalo]],Regiones[Skill],'BUPA Seguros'!$L$3) -> 36 | F24: 40.643261 | G24: =IFERROR(SUMIFS(Regiones[TMO],Regiones[Fecha],Tabla54[[#This Row],[Fecha]],Regiones[Intervalo],Tabla54[[#This Row],[Intervalo]],Regiones[Skill],'BUPA Seguros'!$L$3)/Tabla54[[#This Row],[Atendidas]],0) -> 66.722222 | H24: =IFERROR(SUMIFS(Regiones[Aten < 20 seg],Regiones[Fecha],Tabla54[[#This Row],[Fecha]],Regiones[Intervalo],Tabla54[[#This Row],[Intervalo]],Regiones[Skill],'BUPA Seguros'!$L$3)/Tabla54[[#This Row],[Recibidas]],0) -> 0.40594595 | I24: =IFERROR(Tabla54[[#This Row],[Atendidas]]/Tabla54[[#This Row],[Recibidas]],0) -> 0.97297297 | L24: =+L23+1 -> 46223 | M24: =+SUMIFS(Tabla54[Forecast],Tabla54[Fecha],$L24) -> 862.0939 | N24: =+SUMIFS(Regiones[Ofrecidas],Regiones[Fecha2],'BUPA Seguros'!$L24,Regiones[Skill],'BUPA Seguros'!$L$3) -> 0 | P24: =+SUMIFS(Regiones[Contestadas],Regiones[Fecha2],'BUPA Seguros'!$L24,Regiones[Skill],'BUPA Seguros'!$L$3) -> 0 | Q24: =+SUMIFS(Regiones[Aten < 20 seg],Regiones[Fecha2],'BUPA Seguros'!$L24,Regiones[Skill],'BUPA Seguros'!$L$3) -> 0 | R24: =+N24-P24 -> 0 | S24: =IFERROR(R24/N24,"") | T24: =IFERROR(Q24/N24,"") | U24: =IFERROR(P24/N24,"") | W24: 0.66666667 | X24: =+SUMIFS(Tabla54[Recibidas],Tabla54[Fecha],$X$3,Tabla54[Intervalo],$W24) -> 0 | Y24: =+SUMIFS(Tabla54[Forecast],Tabla54[Fecha],$X$3,Tabla54[Intervalo],$W24) -> 39.618937 | Z24: =+SUMIFS(Tabla54[Atendidas],Tabla54[Fecha],$X$3,Tabla54[Intervalo],$W24) -> 0 | AA24: =+X24-Z24 -> 0 | AB24: =+SUMIFS(Regiones[Aten < 20 seg],Regiones[Fecha],'BUPA Seguros'!$X$3,Regiones[Intervalo],'BUPA Seguros'!$W24,Regiones[Skill],'BUPA Seguros'!$L$3) -> 0
... B32: =+B31 -> 46204 | C32: 0.54166667 | D32: =+SUMIFS(Regiones[Ofrecidas],Regiones[Fecha],Tabla54[[#This Row],[Fecha]],Regiones[Intervalo],Tabla54[[#This Row],[Intervalo]],Regiones[Skill],'BUPA Seguros'!$L$3) -> 36 | E32: =+SUMIFS(Regiones[Contestadas],Regiones[Fecha],Tabla54[[#This Row],[Fecha]],Regiones[Intervalo],Tabla54[[#This Row],[Intervalo]],Regiones[Skill],'BUPA Seguros'!$L$3) -> 30 | F32: 39.234893 | G32: =IFERROR(SUMIFS(Regiones[TMO],Regiones[Fecha],Tabla54[[#This Row],[Fecha]],Regiones[Intervalo],Tabla54[[#This Row],[Intervalo]],Regiones[Skill],'BUPA Seguros'!$L$3)/Tabla54[[#This Row],[Atendidas]],0) -> 103.73333 | H32: =IFERROR(SUMIFS(Regiones[Aten < 20 seg],Regiones[Fecha],Tabla54[[#This Row],[Fecha]],Regiones[Intervalo],Tabla54[[#This Row],[Intervalo]],Regiones[Skill],'BUPA Seguros'!$L$3)/Tabla54[[#This Row],[Recibidas]],0) -> 0.31 | I32: =IFERROR(Tabla54[[#This Row],[Atendidas]]/Tabla54[[#This Row],[Recibidas]],0) -> 0.83333333 | L32: =+L31+1 -> 46231 | M32: =+SUMIFS(Tabla54[Forecast],Tabla54[Fecha],$L32) -> 543.01496 | N32: =+SUMIFS(Regiones[Ofrecidas],Regiones[Fecha2],'BUPA Seguros'!$L32,Regiones[Skill],'BUPA Seguros'!$L$3) -> 0 | P32: =+SUMIFS(Regiones[Contestadas],Regiones[Fecha2],'BUPA Seguros'!$L32,Regiones[Skill],'BUPA Seguros'!$L$3) -> 0 | Q32: =+SUMIFS(Regiones[Aten < 20 seg],Regiones[Fecha2],'BUPA Seguros'!$L32,Regiones[Skill],'BUPA Seguros'!$L$3) -> 0 | R32: =+N32-P32 -> 0 | S32: =IFERROR(R32/N32,"") | T32: =IFERROR(Q32/N32,"") | U32: =IFERROR(P32/N32,"") | W32: 0.83333333 | X32: =+SUMIFS(Tabla54[Recibidas],Tabla54[Fecha],$X$3,Tabla54[Intervalo],$W32) -> 0 | Y32: =+SUMIFS(Tabla54[Forecast],Tabla54[Fecha],$X$3,Tabla54[Intervalo],$W32) -> 0 | Z32: =+SUMIFS(Tabla54[Atendidas],Tabla54[Fecha],$X$3,Tabla54[Intervalo],$W32) -> 0 | AA32: =+X32-Z32 -> 0 | AB32: =+SUMIFS(Regiones[Aten < 20 seg],Regiones[Fecha],'BUPA Seguros'!$X$3,Regiones[Intervalo],'BUPA Seguros'!$W32,Regiones[Skill],'BUPA Seguros'!$L$3) -> 0
B33: =+B32 -> 46204 | C33: 0.5625 | D33: =+SUMIFS(Regiones[Ofrecidas],Regiones[Fecha],Tabla54[[#This Row],[Fecha]],Regiones[Intervalo],Tabla54[[#This Row],[Intervalo]],Regiones[Skill],'BUPA Seguros'!$L$3) -> 30 | E33: =+SUMIFS(Regiones[Contestadas],Regiones[Fecha],Tabla54[[#This Row],[Fecha]],Regiones[Intervalo],Tabla54[[#This Row],[Intervalo]],Regiones[Skill],'BUPA Seguros'!$L$3) -> 31 | F33: 37.373687 | G33: =IFERROR(SUMIFS(Regiones[TMO],Regiones[Fecha],Tabla54[[#This Row],[Fecha]],Regiones[Intervalo],Tabla54[[#This Row],[Intervalo]],Regiones[Skill],'BUPA Seguros'!$L$3)/Tabla54[[#This Row],[Atendidas]],0) -> 125.54839 | H33: =IFERROR(SUMIFS(Regiones[Aten < 20 seg],Regiones[Fecha],Tabla54[[#This Row],[Fecha]],Regiones[Intervalo],Tabla54[[#This Row],[Intervalo]],Regiones[Skill],'BUPA Seguros'!$L$3)/Tabla54[[#This Row],[Recibidas]],0) -> 0.773 | I33: =IFERROR(Tabla54[[#This Row],[Atendidas]]/Tabla54[[#This Row],[Recibidas]],0) -> 1.0333333 | L33: =+L32+1 -> 46232 | M33: =+SUMIFS(Tabla54[Forecast],Tabla54[Fecha],$L33) -> 487.67151 | N33: =+SUMIFS(Regiones[Ofrecidas],Regiones[Fecha2],'BUPA Seguros'!$L33,Regiones[Skill],'BUPA Seguros'!$L$3) -> 0 | P33: =+SUMIFS(Regiones[Contestadas],Regiones[Fecha2],'BUPA Seguros'!$L33,Regiones[Skill],'BUPA Seguros'!$L$3) -> 0 | Q33: =+SUMIFS(Regiones[Aten < 20 seg],Regiones[Fecha2],'BUPA Seguros'!$L33,Regiones[Skill],'BUPA Seguros'!$L$3) -> 0 | R33: =+N33-P33 -> 0 | S33: =IFERROR(R33/N33,"") | T33: =IFERROR(Q33/N33,"") | U33: =IFERROR(P33/N33,"")
B34: =+B33 -> 46204 | C34: 0.58333333 | D34: =+SUMIFS(Regiones[Ofrecidas],Regiones[Fecha],Tabla54[[#This Row],[Fecha]],Regiones[Intervalo],Tabla54[[#This Row],[Intervalo]],Regiones[Skill],'BUPA Seguros'!$L$3) -> 43 | E34: =+SUMIFS(Regiones[Contestadas],Regiones[Fecha],Tabla54[[#This Row],[Fecha]],Regiones[Intervalo],Tabla54[[#This Row],[Intervalo]],Regiones[Skill],'BUPA Seguros'!$L$3) -> 28 | F34: 35.728513 | G34: =IFERROR(SUMIFS(Regiones[TMO],Regiones[Fecha],Tabla54[[#This Row],[Fecha]],Regiones[Intervalo],Tabla54[[#This Row],[Intervalo]],Regiones[Skill],'BUPA Seguros'!$L$3)/Tabla54[[#This Row],[Atendidas]],0) -> 98.607143 | H34: =IFERROR(SUMIFS(Regiones[Aten < 20 seg],Regiones[Fecha],Tabla54[[#This Row],[Fecha]],Regiones[Intervalo],Tabla54[[#This Row],[Intervalo]],Regiones[Skill],'BUPA Seguros'!$L$3)/Tabla54[[#This Row],[Recibidas]],0) -> 0.17046512 | I34: =IFERROR(Tabla54[[#This Row],[Atendidas]]/Tabla54[[#This Row],[Recibidas]],0) -> 0.65116279 | L34: =+L33+1 -> 46233 | M34: =+SUMIFS(Tabla54[Forecast],Tabla54[Fecha],$L34) -> 525.2504 | N34: =+SUMIFS(Regiones[Ofrecidas],Regiones[Fecha2],'BUPA Seguros'!$L34,Regiones[Skill],'BUPA Seguros'!$L$3) -> 0 | P34: =+SUMIFS(Regiones[Contestadas],Regiones[Fecha2],'BUPA Seguros'!$L34,Regiones[Skill],'BUPA Seguros'!$L$3) -> 0 | Q34: =+SUMIFS(Regiones[Aten < 20 seg],Regiones[Fecha2],'BUPA Seguros'!$L34,Regiones[Skill],'BUPA Seguros'!$L$3) -> 0 | R34: =+N34-P34 -> 0 | S34: =IFERROR(R34/N34,"") | T34: =IFERROR(Q34/N34,"") | U34: =IFERROR(P34/N34,"")
B35: =+B34 -> 46204 | C35: 0.60416667 | D35: =+SUMIFS(Regiones[Ofrecidas],Regiones[Fecha],Tabla54[[#This Row],[Fecha]],Regiones[Intervalo],Tabla54[[#This Row],[Intervalo]],Regiones[Skill],'BUPA Seguros'!$L$3) -> 37 | E35: =+SUMIFS(Regiones[Contestadas],Regiones[Fecha],Tabla54[[#This Row],[Fecha]],Regiones[Intervalo],Tabla54[[#This Row],[Intervalo]],Regiones[Skill],'BUPA Seguros'!$L$3) -> 39 | F35: 34.714821 | G35: =IFERROR(SUMIFS(Regiones[TMO],Regiones[Fecha],Tabla54[[#This Row],[Fecha]],Regiones[Intervalo],Tabla54[[#This Row],[Intervalo]],Regiones[Skill],'BUPA Seguros'!$L$3)/Tabla54[[#This Row],[Atendidas]],0) -> 91.205128 | H35: =IFERROR(SUMIFS(Regiones[Aten < 20 seg],Regiones[Fecha],Tabla54[[#This Row],[Fecha]],Regiones[Intervalo],Tabla54[[#This Row],[Intervalo]],Regiones[Skill],'BUPA Seguros'!$L$3)/Tabla54[[#This Row],[Recibidas]],0) -> 0.66783784 | I35: =IFERROR(Tabla54[[#This Row],[Atendidas]]/Tabla54[[#This Row],[Recibidas]],0) -> 1.0540541 | L35: =+L34+1 -> 46234 | M35: =+SUMIFS(Tabla54[Forecast],Tabla54[Fecha],$L35) -> 498.85977 | N35: =+SUMIFS(Regiones[Ofrecidas],Regiones[Fecha2],'BUPA Seguros'!$L35,Regiones[Skill],'BUPA Seguros'!$L$3) -> 0 | P35: =+SUMIFS(Regiones[Contestadas],Regiones[Fecha2],'BUPA Seguros'!$L35,Regiones[Skill],'BUPA Seguros'!$L$3) -> 0 | Q35: =+SUMIFS(Regiones[Aten < 20 seg],Regiones[Fecha2],'BUPA Seguros'!$L35,Regiones[Skill],'BUPA Seguros'!$L$3) -> 0 | R35: =+N35-P35 -> 0 | S35: =IFERROR(R35/N35,"") | T35: =IFERROR(Q35/N35,"") | U35: =IFERROR(P35/N35,"")
B36: =+B35 -> 46204 | C36: 0.625 | D36: =+SUMIFS(Regiones[Ofrecidas],Regiones[Fecha],Tabla54[[#This Row],[Fecha]],Regiones[Intervalo],Tabla54[[#This Row],[Intervalo]],Regiones[Skill],'BUPA Seguros'!$L$3) -> 44 | E36: =+SUMIFS(Regiones[Contestadas],Regiones[Fecha],Tabla54[[#This Row],[Fecha]],Regiones[Intervalo],Tabla54[[#This Row],[Intervalo]],Regiones[Skill],'BUPA Seguros'!$L$3) -> 41 | F36: 33.518331 | G36: =IFERROR(SUMIFS(Regiones[TMO],Regiones[Fecha],Tabla54[[#This Row],[Fecha]],Regiones[Intervalo],Tabla54[[#This Row],[Intervalo]],Regiones[Skill],'BUPA Seguros'!$L$3)/Tabla54[[#This Row],[Atendidas]],0) -> 76.341463 | H36: =IFERROR(SUMIFS(Regiones[Aten < 20 seg],Regiones[Fecha],Tabla54[[#This Row],[Fecha]],Regiones[Intervalo],Tabla54[[#This Row],[Intervalo]],Regiones[Skill],'BUPA Seguros'!$L$3)/Tabla54[[#This Row],[Recibidas]],0) -> 0.78477273 | I36: =IFERROR(Tabla54[[#This Row],[Atendidas]]/Tabla54[[#This Row],[Recibidas]],0) -> 0.93181818 | L36: TOTAL | M36: =+SUM(M5:M10) -> 2522.91 | N36: =+SUM(N5:N10) -> 2508 | O36: =N36/M36-1 -> -0.0059098533 | P36: =+SUM(P5:P10) -> 2187 | Q36: =+SUM(Q5:Q10) -> 1089.13 | R36: =+SUM(R5:R10) -> 321 | S36: =IFERROR(R36/N36,"") -> 0.12799043 | T36: =IFERROR(Q36/N36,"") -> 0.43426236 | U36: =IFERROR(P36/N36,"") -> 0.87200957
B37: =+B36 -> 46204 | C37: 0.64583333 | D37: =+SUMIFS(Regiones[Ofrecidas],Regiones[Fecha],Tabla54[[#This Row],[Fecha]],Regiones[Intervalo],Tabla54[[#This Row],[Intervalo]],Regiones[Skill],'BUPA Seguros'!$L$3) -> 25 | E37: =+SUMIFS(Regiones[Contestadas],Regiones[Fecha],Tabla54[[#This Row],[Fecha]],Regiones[Intervalo],Tabla54[[#This Row],[Intervalo]],Regiones[Skill],'BUPA Seguros'!$L$3) -> 24 | F37: 32.222134 | G37: =IFERROR(SUMIFS(Regiones[TMO],Regiones[Fecha],Tabla54[[#This Row],[Fecha]],Regiones[Intervalo],Tabla54[[#This Row],[Intervalo]],Regiones[Skill],'BUPA Seguros'!$L$3)/Tabla54[[#This Row],[Atendidas]],0) -> 163.375 | H37: =IFERROR(SUMIFS(Regiones[Aten < 20 seg],Regiones[Fecha],Tabla54[[#This Row],[Fecha]],Regiones[Intervalo],Tabla54[[#This Row],[Intervalo]],Regiones[Skill],'BUPA Seguros'!$L$3)/Tabla54[[#This Row],[Recibidas]],0) -> 0.8048 | I37: =IFERROR(Tabla54[[#This Row],[Atendidas]]/Tabla54[[#This Row],[Recibidas]],0) -> 0.96
B38: =+B37 -> 46204 | C38: 0.66666667 | D38: =+SUMIFS(Regiones[Ofrecidas],Regiones[Fecha],Tabla54[[#This Row],[Fecha]],Regiones[Intervalo],Tabla54[[#This Row],[Intervalo]],Regiones[Skill],'BUPA Seguros'!$L$3) -> 26 | E38: =+SUMIFS(Regiones[Contestadas],Regiones[Fecha],Tabla54[[#This Row],[Fecha]],Regiones[Intervalo],Tabla54[[#This Row],[Intervalo]],Regiones[Skill],'BUPA Seguros'!$L$3) -> 28 | F38: 30.50218 | G38: =IFERROR(SUMIFS(Regiones[TMO],Regiones[Fecha],Tabla54[[#This Row],[Fecha]],Regiones[Intervalo],Tabla54[[#This Row],[Intervalo]],Regiones[Skill],'BUPA Seguros'!$L$3)/Tabla54[[#This Row],[Atendidas]],0) -> 127.5 | H38: =IFERROR(SUMIFS(Regiones[Aten < 20 seg],Regiones[Fecha],Tabla54[[#This Row],[Fecha]],Regiones[Intervalo],Tabla54[[#This Row],[Intervalo]],Regiones[Skill],'BUPA Seguros'!$L$3)/Tabla54[[#This Row],[Recibidas]],0) -> 0.66538462 | I38: =IFERROR(Tabla54[[#This Row],[Atendidas]]/Tabla54[[#This Row],[Recibidas]],0) -> 1.0769231
B39: =+B38 -> 46204 | C39: 0.6875 | D39: =+SUMIFS(Regiones[Ofrecidas],Regiones[Fecha],Tabla54[[#This Row],[Fecha]],Regiones[Intervalo],Tabla54[[#This Row],[Intervalo]],Regiones[Skill],'BUPA Seguros'!$L$3) -> 33 | E39: =+SUMIFS(Regiones[Contestadas],Regiones[Fecha],Tabla54[[#This Row],[Fecha]],Regiones[Intervalo],Tabla54[[#This Row],[Intervalo]],Regiones[Skill],'BUPA Seguros'!$L$3) -> 33 | F39: 29.139511 | G39: =IFERROR(SUMIFS(Regiones[TMO],Regiones[Fecha],Tabla54[[#This Row],[Fecha]],Regiones[Intervalo],Tabla54[[#This Row],[Intervalo]],Regiones[Skill],'BUPA Seguros'!$L$3)/Tabla54[[#This Row],[Atendidas]],0) -> 133.54545 | H39: =IFERROR(SUMIFS(Regiones[Aten < 20 seg],Regiones[Fecha],Tabla54[[#This Row],[Fecha]],Regiones[Intervalo],Tabla54[[#This Row],[Intervalo]],Regiones[Skill],'BUPA Seguros'!$L$3)/Tabla54[[#This Row],[Recibidas]],0) -> 0.48363636 | I39: =IFERROR(Tabla54[[#This Row],[Atendidas]]/Tabla54[[#This Row],[Recibidas]],0) -> 1
B40: =+B39 -> 46204 | C40: 0.70833333 | D40: =+SUMIFS(Regiones[Ofrecidas],Regiones[Fecha],Tabla54[[#This Row],[Fecha]],Regiones[Intervalo],Tabla54[[#This Row],[Intervalo]],Regiones[Skill],'BUPA Seguros'!$L$3) -> 18 | E40: =+SUMIFS(Regiones[Contestadas],Regiones[Fecha],Tabla54[[#This Row],[Fecha]],Regiones[Intervalo],Tabla54[[#This Row],[Intervalo]],Regiones[Skill],'BUPA Seguros'!$L$3) -> 17 | F40: 27.319849 | G40: =IFERROR(SUMIFS(Regiones[TMO],Regiones[Fecha],Tabla54[[#This Row],[Fecha]],Regiones[Intervalo],Tabla54[[#This Row],[Intervalo]],Regiones[Skill],'BUPA Seguros'!$L$3)/Tabla54[[#This Row],[Atendidas]],0) -> 224.35294 | H40: =IFERROR(SUMIFS(Regiones[Aten < 20 seg],Regiones[Fecha],Tabla54[[#This Row],[Fecha]],Regiones[Intervalo],Tabla54[[#This Row],[Intervalo]],Regiones[Skill],'BUPA Seguros'!$L$3)/Tabla54[[#This Row],[Recibidas]],0) -> 0.77888889 | I40: =IFERROR(Tabla54[[#This Row],[Atendidas]]/Tabla54[[#This Row],[Recibidas]],0) -> 0.94444444
B41: =+B40 -> 46204 | C41: 0.72916667 | D41: =+SUMIFS(Regiones[Ofrecidas],Regiones[Fecha],Tabla54[[#This Row],[Fecha]],Regiones[Intervalo],Tabla54[[#This Row],[Intervalo]],Regiones[Skill],'BUPA Seguros'!$L$3) -> 30 | E41: =+SUMIFS(Regiones[Contestadas],Regiones[Fecha],Tabla54[[#This Row],[Fecha]],Regiones[Intervalo],Tabla54[[#This Row],[Intervalo]],Regiones[Skill],'BUPA Seguros'!$L$3) -> 19 | F41: 27.257532 | G41: =IFERROR(SUMIFS(Regiones[TMO],Regiones[Fecha],Tabla54[[#This Row],[Fecha]],Regiones[Intervalo],Tabla54[[#This Row],[Intervalo]],Regiones[Skill],'BUPA Seguros'!$L$3)/Tabla54[[#This Row],[Atendidas]],0) -> 299 | H41: =IFERROR(SUMIFS(Regiones[Aten < 20 seg],Regiones[Fecha],Tabla54[[#This Row],[Fecha]],Regiones[Intervalo],Tabla54[[#This Row],[Intervalo]],Regiones[Skill],'BUPA Seguros'!$L$3)/Tabla54[[#This Row],[Recibidas]],0) -> 0.066333333 | I41: =IFERROR(Tabla54[[#This Row],[Atendidas]]/Tabla54[[#This Row],[Recibidas]],0) -> 0.63333333
B42: =+B41 -> 46204 | C42: 0.75 | D42: =+SUMIFS(Regiones[Ofrecidas],Regiones[Fecha],Tabla54[[#This Row],[Fecha]],Regiones[Intervalo],Tabla54[[#This Row],[Intervalo]],Regiones[Skill],'BUPA Seguros'!$L$3) -> 0 | E42: =+SUMIFS(Regiones[Contestadas],Regiones[Fecha],Tabla54[[#This Row],[Fecha]],Regiones[Intervalo],Tabla54[[#This Row],[Intervalo]],Regiones[Skill],'BUPA Seguros'!$L$3) -> 0 | F42: 0 | G42: =IFERROR(SUMIFS(Regiones[TMO],Regiones[Fecha],Tabla54[[#This Row],[Fecha]],Regiones[Intervalo],Tabla54[[#This Row],[Intervalo]],Regiones[Skill],'BUPA Seguros'!$L$3)/Tabla54[[#This Row],[Atendidas]],0) -> 0 | H42: =IFERROR(SUMIFS(Regiones[Aten < 20 seg],Regiones[Fecha],Tabla54[[#This Row],[Fecha]],Regiones[Intervalo],Tabla54[[#This Row],[Intervalo]],Regiones[Skill],'BUPA Seguros'!$L$3)/Tabla54[[#This Row],[Recibidas]],0) -> 0 | I42: =IFERROR(Tabla54[[#This Row],[Atendidas]]/Tabla54[[#This Row],[Recibidas]],0) -> 0
B43: =+B42 -> 46204 | C43: 0.77083333 | D43: =+SUMIFS(Regiones[Ofrecidas],Regiones[Fecha],Tabla54[[#This Row],[Fecha]],Regiones[Intervalo],Tabla54[[#This Row],[Intervalo]],Regiones[Skill],'BUPA Seguros'!$L$3) -> 0 | E43: =+SUMIFS(Regiones[Contestadas],Regiones[Fecha],Tabla54[[#This Row],[Fecha]],Regiones[Intervalo],Tabla54[[#This Row],[Intervalo]],Regiones[Skill],'BUPA Seguros'!$L$3) -> 0 | F43: 0 | G43: =IFERROR(SUMIFS(Regiones[TMO],Regiones[Fecha],Tabla54[[#This Row],[Fecha]],Regiones[Intervalo],Tabla54[[#This Row],[Intervalo]],Regiones[Skill],'BUPA Seguros'!$L$3)/Tabla54[[#This Row],[Atendidas]],0) -> 0 | H43: =IFERROR(SUMIFS(Regiones[Aten < 20 seg],Regiones[Fecha],Tabla54[[#This Row],[Fecha]],Regiones[Intervalo],Tabla54[[#This Row],[Intervalo]],Regiones[Skill],'BUPA Seguros'!$L$3)/Tabla54[[#This Row],[Recibidas]],0) -> 0 | I43: =IFERROR(Tabla54[[#This Row],[Atendidas]]/Tabla54[[#This Row],[Recibidas]],0) -> 0
B44: =+B43 -> 46204 | C44: 0.79166667 | D44: =+SUMIFS(Regiones[Ofrecidas],Regiones[Fecha],Tabla54[[#This Row],[Fecha]],Regiones[Intervalo],Tabla54[[#This Row],[Intervalo]],Regiones[Skill],'BUPA Seguros'!$L$3) -> 0 | E44: =+SUMIFS(Regiones[Contestadas],Regiones[Fecha],Tabla54[[#This Row],[Fecha]],Regiones[Intervalo],Tabla54[[#This Row],[Intervalo]],Regiones[Skill],'BUPA Seguros'!$L$3) -> 0 | F44: 0 | G44: =IFERROR(SUMIFS(Regiones[TMO],Regiones[Fecha],Tabla54[[#This Row],[Fecha]],Regiones[Intervalo],Tabla54[[#This Row],[Intervalo]],Regiones[Skill],'BUPA Seguros'!$L$3)/Tabla54[[#This Row],[Atendidas]],0) -> 0 | H44: =IFERROR(SUMIFS(Regiones[Aten < 20 seg],Regiones[Fecha],Tabla54[[#This Row],[Fecha]],Regiones[Intervalo],Tabla54[[#This Row],[Intervalo]],Regiones[Skill],'BUPA Seguros'!$L$3)/Tabla54[[#This Row],[Recibidas]],0) -> 0 | I44: =IFERROR(Tabla54[[#This Row],[Atendidas]]/Tabla54[[#This Row],[Recibidas]],0) -> 0
B45: =+B44 -> 46204 | C45: 0.8125 | D45: =+SUMIFS(Regiones[Ofrecidas],Regiones[Fecha],Tabla54[[#This Row],[Fecha]],Regiones[Intervalo],Tabla54[[#This Row],[Intervalo]],Regiones[Skill],'BUPA Seguros'!$L$3) -> 0 | E45: =+SUMIFS(Regiones[Contestadas],Regiones[Fecha],Tabla54[[#This Row],[Fecha]],Regiones[Intervalo],Tabla54[[#This Row],[Intervalo]],Regiones[Skill],'BUPA Seguros'!$L$3) -> 0 | F45: 0 | G45: =IFERROR(SUMIFS(Regiones[TMO],Regiones[Fecha],Tabla54[[#This Row],[Fecha]],Regiones[Intervalo],Tabla54[[#This Row],[Intervalo]],Regiones[Skill],'BUPA Seguros'!$L$3)/Tabla54[[#This Row],[Atendidas]],0) -> 0 | H45: =IFERROR(SUMIFS(Regiones[Aten < 20 seg],Regiones[Fecha],Tabla54[[#This Row],[Fecha]],Regiones[Intervalo],Tabla54[[#This Row],[Intervalo]],Regiones[Skill],'BUPA Seguros'!$L$3)/Tabla54[[#This Row],[Recibidas]],0) -> 0 | I45: =IFERROR(Tabla54[[#This Row],[Atendidas]]/Tabla54[[#This Row],[Recibidas]],0) -> 0
B46: =+B45 -> 46204 | C46: 0.83333333 | D46: =+SUMIFS(Regiones[Ofrecidas],Regiones[Fecha],Tabla54[[#This Row],[Fecha]],Regiones[Intervalo],Tabla54[[#This Row],[Intervalo]],Regiones[Skill],'BUPA Seguros'!$L$3) -> 0 | E46: =+SUMIFS(Regiones[Contestadas],Regiones[Fecha],Tabla54[[#This Row],[Fecha]],Regiones[Intervalo],Tabla54[[#This Row],[Intervalo]],Regiones[Skill],'BUPA Seguros'!$L$3) -> 0 | F46: 0 | G46: =IFERROR(SUMIFS(Regiones[TMO],Regiones[Fecha],Tabla54[[#This Row],[Fecha]],Regiones[Intervalo],Tabla54[[#This Row],[Intervalo]],Regiones[Skill],'BUPA Seguros'!$L$3)/Tabla54[[#This Row],[Atendidas]],0) -> 0 | H46: =IFERROR(SUMIFS(Regiones[Aten < 20 seg],Regiones[Fecha],Tabla54[[#This Row],[Fecha]],Regiones[Intervalo],Tabla54[[#This Row],[Intervalo]],Regiones[Skill],'BUPA Seguros'!$L$3)/Tabla54[[#This Row],[Recibidas]],0) -> 0 | I46: =IFERROR(Tabla54[[#This Row],[Atendidas]]/Tabla54[[#This Row],[Recibidas]],0) -> 0
B47: =+B46 -> 46204 | C47: 0.85416667 | D47: =+SUMIFS(Regiones[Ofrecidas],Regiones[Fecha],Tabla54[[#This Row],[Fecha]],Regiones[Intervalo],Tabla54[[#This Row],[Intervalo]],Regiones[Skill],'BUPA Seguros'!$L$3) -> 0 | E47: =+SUMIFS(Regiones[Contestadas],Regiones[Fecha],Tabla54[[#This Row],[Fecha]],Regiones[Intervalo],Tabla54[[#This Row],[Intervalo]],Regiones[Skill],'BUPA Seguros'!$L$3) -> 0 | F47: 0 | G47: =IFERROR(SUMIFS(Regiones[TMO],Regiones[Fecha],Tabla54[[#This Row],[Fecha]],Regiones[Intervalo],Tabla54[[#This Row],[Intervalo]],Regiones[Skill],'BUPA Seguros'!$L$3)/Tabla54[[#This Row],[Atendidas]],0) -> 0 | H47: =IFERROR(SUMIFS(Regiones[Aten < 20 seg],Regiones[Fecha],Tabla54[[#This Row],[Fecha]],Regiones[Intervalo],Tabla54[[#This Row],[Intervalo]],Regiones[Skill],'BUPA Seguros'!$L$3)/Tabla54[[#This Row],[Recibidas]],0) -> 0 | I47: =IFERROR(Tabla54[[#This Row],[Atendidas]]/Tabla54[[#This Row],[Recibidas]],0) -> 0
B48: =+B47 -> 46204 | C48: 0.875 | D48: =+SUMIFS(Regiones[Ofrecidas],Regiones[Fecha],Tabla54[[#This Row],[Fecha]],Regiones[Intervalo],Tabla54[[#This Row],[Intervalo]],Regiones[Skill],'BUPA Seguros'!$L$3) -> 0 | E48: =+SUMIFS(Regiones[Contestadas],Regiones[Fecha],Tabla54[[#This Row],[Fecha]],Regiones[Intervalo],Tabla54[[#This Row],[Intervalo]],Regiones[Skill],'BUPA Seguros'!$L$3) -> 0 | F48: 0 | G48: =IFERROR(SUMIFS(Regiones[TMO],Regiones[Fecha],Tabla54[[#This Row],[Fecha]],Regiones[Intervalo],Tabla54[[#This Row],[Intervalo]],Regiones[Skill],'BUPA Seguros'!$L$3)/Tabla54[[#This Row],[Atendidas]],0) -> 0 | H48: =IFERROR(SUMIFS(Regiones[Aten < 20 seg],Regiones[Fecha],Tabla54[[#This Row],[Fecha]],Regiones[Intervalo],Tabla54[[#This Row],[Intervalo]],Regiones[Skill],'BUPA Seguros'!$L$3)/Tabla54[[#This Row],[Recibidas]],0) -> 0 | I48: =IFERROR(Tabla54[[#This Row],[Atendidas]]/Tabla54[[#This Row],[Recibidas]],0) -> 0
... B53: =+B52 -> 46204 | C53: 0.97916667 | D53: =+SUMIFS(Regiones[Ofrecidas],Regiones[Fecha],Tabla54[[#This Row],[Fecha]],Regiones[Intervalo],Tabla54[[#This Row],[Intervalo]],Regiones[Skill],'BUPA Seguros'!$L$3) -> 0 | E53: =+SUMIFS(Regiones[Contestadas],Regiones[Fecha],Tabla54[[#This Row],[Fecha]],Regiones[Intervalo],Tabla54[[#This Row],[Intervalo]],Regiones[Skill],'BUPA Seguros'!$L$3) -> 0 | F53: 0 | G53: =IFERROR(SUMIFS(Regiones[TMO],Regiones[Fecha],Tabla54[[#This Row],[Fecha]],Regiones[Intervalo],Tabla54[[#This Row],[Intervalo]],Regiones[Skill],'BUPA Seguros'!$L$3)/Tabla54[[#This Row],[Atendidas]],0) -> 0 | H53: =IFERROR(SUMIFS(Regiones[Aten < 20 seg],Regiones[Fecha],Tabla54[[#This Row],[Fecha]],Regiones[Intervalo],Tabla54[[#This Row],[Intervalo]],Regiones[Skill],'BUPA Seguros'!$L$3)/Tabla54[[#This Row],[Recibidas]],0) -> 0 | I53: =IFERROR(Tabla54[[#This Row],[Atendidas]]/Tabla54[[#This Row],[Recibidas]],0) -> 0
B54: =+B53+1 -> 46205 | C54: 0 | D54: =+SUMIFS(Regiones[Ofrecidas],Regiones[Fecha],Tabla54[[#This Row],[Fecha]],Regiones[Intervalo],Tabla54[[#This Row],[Intervalo]],Regiones[Skill],'BUPA Seguros'!$L$3) -> 0 | E54: =+SUMIFS(Regiones[Contestadas],Regiones[Fecha],Tabla54[[#This Row],[Fecha]],Regiones[Intervalo],Tabla54[[#This Row],[Intervalo]],Regiones[Skill],'BUPA Seguros'!$L$3) -> 0 | F54: 0 | G54: =IFERROR(SUMIFS(Regiones[TMO],Regiones[Fecha],Tabla54[[#This Row],[Fecha]],Regiones[Intervalo],Tabla54[[#This Row],[Intervalo]],Regiones[Skill],'BUPA Seguros'!$L$3)/Tabla54[[#This Row],[Atendidas]],0) -> 0 | H54: =IFERROR(SUMIFS(Regiones[Aten < 20 seg],Regiones[Fecha],Tabla54[[#This Row],[Fecha]],Regiones[Intervalo],Tabla54[[#This Row],[Intervalo]],Regiones[Skill],'BUPA Seguros'!$L$3)/Tabla54[[#This Row],[Recibidas]],0) -> 0 | I54: =IFERROR(Tabla54[[#This Row],[Atendidas]]/Tabla54[[#This Row],[Recibidas]],0) -> 0
B55: =+B54 -> 46205 | C55: 0.020833333 | D55: =+SUMIFS(Regiones[Ofrecidas],Regiones[Fecha],Tabla54[[#This Row],[Fecha]],Regiones[Intervalo],Tabla54[[#This Row],[Intervalo]],Regiones[Skill],'BUPA Seguros'!$L$3) -> 0 | E55: =+SUMIFS(Regiones[Contestadas],Regiones[Fecha],Tabla54[[#This Row],[Fecha]],Regiones[Intervalo],Tabla54[[#This Row],[Intervalo]],Regiones[Skill],'BUPA Seguros'!$L$3) -> 0 | F55: 0 | G55: =IFERROR(SUMIFS(Regiones[TMO],Regiones[Fecha],Tabla54[[#This Row],[Fecha]],Regiones[Intervalo],Tabla54[[#This Row],[Intervalo]],Regiones[Skill],'BUPA Seguros'!$L$3)/Tabla54[[#This Row],[Atendidas]],0) -> 0 | H55: =IFERROR(SUMIFS(Regiones[Aten < 20 seg],Regiones[Fecha],Tabla54[[#This Row],[Fecha]],Regiones[Intervalo],Tabla54[[#This Row],[Intervalo]],Regiones[Skill],'BUPA Seguros'!$L$3)/Tabla54[[#This Row],[Recibidas]],0) -> 0 | I55: =IFERROR(Tabla54[[#This Row],[Atendidas]]/Tabla54[[#This Row],[Recibidas]],0) -> 0
B56: =+B55 -> 46205 | C56: 0.041666667 | D56: =+SUMIFS(Regiones[Ofrecidas],Regiones[Fecha],Tabla54[[#This Row],[Fecha]],Regiones[Intervalo],Tabla54[[#This Row],[Intervalo]],Regiones[Skill],'BUPA Seguros'!$L$3) -> 0 | E56: =+SUMIFS(Regiones[Contestadas],Regiones[Fecha],Tabla54[[#This Row],[Fecha]],Regiones[Intervalo],Tabla54[[#This Row],[Intervalo]],Regiones[Skill],'BUPA Seguros'!$L$3) -> 0 | F56: 0 | G56: =IFERROR(SUMIFS(Regiones[TMO],Regiones[Fecha],Tabla54[[#This Row],[Fecha]],Regiones[Intervalo],Tabla54[[#This Row],[Intervalo]],Regiones[Skill],'BUPA Seguros'!$L$3)/Tabla54[[#This Row],[Atendidas]],0) -> 0 | H56: =IFERROR(SUMIFS(Regiones[Aten < 20 seg],Regiones[Fecha],Tabla54[[#This Row],[Fecha]],Regiones[Intervalo],Tabla54[[#This Row],[Intervalo]],Regiones[Skill],'BUPA Seguros'!$L$3)/Tabla54[[#This Row],[Recibidas]],0) -> 0 | I56: =IFERROR(Tabla54[[#This Row],[Atendidas]]/Tabla54[[#This Row],[Recibidas]],0) -> 0
B57: =+B56 -> 46205 | C57: 0.0625 | D57: =+SUMIFS(Regiones[Ofrecidas],Regiones[Fecha],Tabla54[[#This Row],[Fecha]],Regiones[Intervalo],Tabla54[[#This Row],[Intervalo]],Regiones[Skill],'BUPA Seguros'!$L$3) -> 0 | E57: =+SUMIFS(Regiones[Contestadas],Regiones[Fecha],Tabla54[[#This Row],[Fecha]],Regiones[Intervalo],Tabla54[[#This Row],[Intervalo]],Regiones[Skill],'BUPA Seguros'!$L$3) -> 0 | F57: 0 | G57: =IFERROR(SUMIFS(Regiones[TMO],Regiones[Fecha],Tabla54[[#This Row],[Fecha]],Regiones[Intervalo],Tabla54[[#This Row],[Intervalo]],Regiones[Skill],'BUPA Seguros'!$L$3)/Tabla54[[#This Row],[Atendidas]],0) -> 0 | H57: =IFERROR(SUMIFS(Regiones[Aten < 20 seg],Regiones[Fecha],Tabla54[[#This Row],[Fecha]],Regiones[Intervalo],Tabla54[[#This Row],[Intervalo]],Regiones[Skill],'BUPA Seguros'!$L$3)/Tabla54[[#This Row],[Recibidas]],0) -> 0 | I57: =IFERROR(Tabla54[[#This Row],[Atendidas]]/Tabla54[[#This Row],[Recibidas]],0) -> 0
B58: =+B57 -> 46205 | C58: 0.083333333 | D58: =+SUMIFS(Regiones[Ofrecidas],Regiones[Fecha],Tabla54[[#This Row],[Fecha]],Regiones[Intervalo],Tabla54[[#This Row],[Intervalo]],Regiones[Skill],'BUPA Seguros'!$L$3) -> 0 | E58: =+SUMIFS(Regiones[Contestadas],Regiones[Fecha],Tabla54[[#This Row],[Fecha]],Regiones[Intervalo],Tabla54[[#This Row],[Intervalo]],Regiones[Skill],'BUPA Seguros'!$L$3) -> 0 | F58: 0 | G58: =IFERROR(SUMIFS(Regiones[TMO],Regiones[Fecha],Tabla54[[#This Row],[Fecha]],Regiones[Intervalo],Tabla54[[#This Row],[Intervalo]],Regiones[Skill],'BUPA Seguros'!$L$3)/Tabla54[[#This Row],[Atendidas]],0) -> 0 | H58: =IFERROR(SUMIFS(Regiones[Aten < 20 seg],Regiones[Fecha],Tabla54[[#This Row],[Fecha]],Regiones[Intervalo],Tabla54[[#This Row],[Intervalo]],Regiones[Skill],'BUPA Seguros'!$L$3)/Tabla54[[#This Row],[Recibidas]],0) -> 0 | I58: =IFERROR(Tabla54[[#This Row],[Atendidas]]/Tabla54[[#This Row],[Recibidas]],0) -> 0
B59: =+B58 -> 46205 | C59: 0.10416667 | D59: =+SUMIFS(Regiones[Ofrecidas],Regiones[Fecha],Tabla54[[#This Row],[Fecha]],Regiones[Intervalo],Tabla54[[#This Row],[Intervalo]],Regiones[Skill],'BUPA Seguros'!$L$3) -> 0 | E59: =+SUMIFS(Regiones[Contestadas],Regiones[Fecha],Tabla54[[#This Row],[Fecha]],Regiones[Intervalo],Tabla54[[#This Row],[Intervalo]],Regiones[Skill],'BUPA Seguros'!$L$3) -> 0 | F59: 0 | G59: =IFERROR(SUMIFS(Regiones[TMO],Regiones[Fecha],Tabla54[[#This Row],[Fecha]],Regiones[Intervalo],Tabla54[[#This Row],[Intervalo]],Regiones[Skill],'BUPA Seguros'!$L$3)/Tabla54[[#This Row],[Atendidas]],0) -> 0 | H59: =IFERROR(SUMIFS(Regiones[Aten < 20 seg],Regiones[Fecha],Tabla54[[#This Row],[Fecha]],Regiones[Intervalo],Tabla54[[#This Row],[Intervalo]],Regiones[Skill],'BUPA Seguros'!$L$3)/Tabla54[[#This Row],[Recibidas]],0) -> 0 | I59: =IFERROR(Tabla54[[#This Row],[Atendidas]]/Tabla54[[#This Row],[Recibidas]],0) -> 0
B60: =+B59 -> 46205 | C60: 0.125 | D60: =+SUMIFS(Regiones[Ofrecidas],Regiones[Fecha],Tabla54[[#This Row],[Fecha]],Regiones[Intervalo],Tabla54[[#This Row],[Intervalo]],Regiones[Skill],'BUPA Seguros'!$L$3) -> 0 | E60: =+SUMIFS(Regiones[Contestadas],Regiones[Fecha],Tabla54[[#This Row],[Fecha]],Regiones[Intervalo],Tabla54[[#This Row],[Intervalo]],Regiones[Skill],'BUPA Seguros'!$L$3) -> 0 | F60: 0 | G60: =IFERROR(SUMIFS(Regiones[TMO],Regiones[Fecha],Tabla54[[#This Row],[Fecha]],Regiones[Intervalo],Tabla54[[#This Row],[Intervalo]],Regiones[Skill],'BUPA Seguros'!$L$3)/Tabla54[[#This Row],[Atendidas]],0) -> 0 | H60: =IFERROR(SUMIFS(Regiones[Aten < 20 seg],Regiones[Fecha],Tabla54[[#This Row],[Fecha]],Regiones[Intervalo],Tabla54[[#This Row],[Intervalo]],Regiones[Skill],'BUPA Seguros'!$L$3)/Tabla54[[#This Row],[Recibidas]],0) -> 0 | I60: =IFERROR(Tabla54[[#This Row],[Atendidas]]/Tabla54[[#This Row],[Recibidas]],0) -> 0
B61: =+B60 -> 46205 | C61: 0.14583333 | D61: =+SUMIFS(Regiones[Ofrecidas],Regiones[Fecha],Tabla54[[#This Row],[Fecha]],Regiones[Intervalo],Tabla54[[#This Row],[Intervalo]],Regiones[Skill],'BUPA Seguros'!$L$3) -> 0 | E61: =+SUMIFS(Regiones[Contestadas],Regiones[Fecha],Tabla54[[#This Row],[Fecha]],Regiones[Intervalo],Tabla54[[#This Row],[Intervalo]],Regiones[Skill],'BUPA Seguros'!$L$3) -> 0 | F61: 0 | G61: =IFERROR(SUMIFS(Regiones[TMO],Regiones[Fecha],Tabla54[[#This Row],[Fecha]],Regiones[Intervalo],Tabla54[[#This Row],[Intervalo]],Regiones[Skill],'BUPA Seguros'!$L$3)/Tabla54[[#This Row],[Atendidas]],0) -> 0 | H61: =IFERROR(SUMIFS(Regiones[Aten < 20 seg],Regiones[Fecha],Tabla54[[#This Row],[Fecha]],Regiones[Intervalo],Tabla54[[#This Row],[Intervalo]],Regiones[Skill],'BUPA Seguros'!$L$3)/Tabla54[[#This Row],[Recibidas]],0) -> 0 | I61: =IFERROR(Tabla54[[#This Row],[Atendidas]]/Tabla54[[#This Row],[Recibidas]],0) -> 0
B62: =+B61 -> 46205 | C62: 0.16666667 | D62: =+SUMIFS(Regiones[Ofrecidas],Regiones[Fecha],Tabla54[[#This Row],[Fecha]],Regiones[Intervalo],Tabla54[[#This Row],[Intervalo]],Regiones[Skill],'BUPA Seguros'!$L$3) -> 0 | E62: =+SUMIFS(Regiones[Contestadas],Regiones[Fecha],Tabla54[[#This Row],[Fecha]],Regiones[Intervalo],Tabla54[[#This Row],[Intervalo]],Regiones[Skill],'BUPA Seguros'!$L$3) -> 0 | F62: 0 | G62: =IFERROR(SUMIFS(Regiones[TMO],Regiones[Fecha],Tabla54[[#This Row],[Fecha]],Regiones[Intervalo],Tabla54[[#This Row],[Intervalo]],Regiones[Skill],'BUPA Seguros'!$L$3)/Tabla54[[#This Row],[Atendidas]],0) -> 0 | H62: =IFERROR(SUMIFS(Regiones[Aten < 20 seg],Regiones[Fecha],Tabla54[[#This Row],[Fecha]],Regiones[Intervalo],Tabla54[[#This Row],[Intervalo]],Regiones[Skill],'BUPA Seguros'!$L$3)/Tabla54[[#This Row],[Recibidas]],0) -> 0 | I62: =IFERROR(Tabla54[[#This Row],[Atendidas]]/Tabla54[[#This Row],[Recibidas]],0) -> 0
B63: =+B62 -> 46205 | C63: 0.1875 | D63: =+SUMIFS(Regiones[Ofrecidas],Regiones[Fecha],Tabla54[[#This Row],[Fecha]],Regiones[Intervalo],Tabla54[[#This Row],[Intervalo]],Regiones[Skill],'BUPA Seguros'!$L$3) -> 0 | E63: =+SUMIFS(Regiones[Contestadas],Regiones[Fecha],Tabla54[[#This Row],[Fecha]],Regiones[Intervalo],Tabla54[[#This Row],[Intervalo]],Regiones[Skill],'BUPA Seguros'!$L$3) -> 0 | F63: 0 | G63: =IFERROR(SUMIFS(Regiones[TMO],Regiones[Fecha],Tabla54[[#This Row],[Fecha]],Regiones[Intervalo],Tabla54[[#This Row],[Intervalo]],Regiones[Skill],'BUPA Seguros'!$L$3)/Tabla54[[#This Row],[Atendidas]],0) -> 0 | H63: =IFERROR(SUMIFS(Regiones[Aten < 20 seg],Regiones[Fecha],Tabla54[[#This Row],[Fecha]],Regiones[Intervalo],Tabla54[[#This Row],[Intervalo]],Regiones[Skill],'BUPA Seguros'!$L$3)/Tabla54[[#This Row],[Recibidas]],0) -> 0 | I63: =IFERROR(Tabla54[[#This Row],[Atendidas]]/Tabla54[[#This Row],[Recibidas]],0) -> 0
B64: =+B63 -> 46205 | C64: 0.20833333 | D64: =+SUMIFS(Regiones[Ofrecidas],Regiones[Fecha],Tabla54[[#This Row],[Fecha]],Regiones[Intervalo],Tabla54[[#This Row],[Intervalo]],Regiones[Skill],'BUPA Seguros'!$L$3) -> 0 | E64: =+SUMIFS(Regiones[Contestadas],Regiones[Fecha],Tabla54[[#This Row],[Fecha]],Regiones[Intervalo],Tabla54[[#This Row],[Intervalo]],Regiones[Skill],'BUPA Seguros'!$L$3) -> 0 | F64: 0 | G64: =IFERROR(SUMIFS(Regiones[TMO],Regiones[Fecha],Tabla54[[#This Row],[Fecha]],Regiones[Intervalo],Tabla54[[#This Row],[Intervalo]],Regiones[Skill],'BUPA Seguros'!$L$3)/Tabla54[[#This Row],[Atendidas]],0) -> 0 | H64: =IFERROR(SUMIFS(Regiones[Aten < 20 seg],Regiones[Fecha],Tabla54[[#This Row],[Fecha]],Regiones[Intervalo],Tabla54[[#This Row],[Intervalo]],Regiones[Skill],'BUPA Seguros'!$L$3)/Tabla54[[#This Row],[Recibidas]],0) -> 0 | I64: =IFERROR(Tabla54[[#This Row],[Atendidas]]/Tabla54[[#This Row],[Recibidas]],0) -> 0
B65: =+B64 -> 46205 | C65: 0.22916667 | D65: =+SUMIFS(Regiones[Ofrecidas],Regiones[Fecha],Tabla54[[#This Row],[Fecha]],Regiones[Intervalo],Tabla54[[#This Row],[Intervalo]],Regiones[Skill],'BUPA Seguros'!$L$3) -> 0 | E65: =+SUMIFS(Regiones[Contestadas],Regiones[Fecha],Tabla54[[#This Row],[Fecha]],Regiones[Intervalo],Tabla54[[#This Row],[Intervalo]],Regiones[Skill],'BUPA Seguros'!$L$3) -> 0 | F65: 0 | G65: =IFERROR(SUMIFS(Regiones[TMO],Regiones[Fecha],Tabla54[[#This Row],[Fecha]],Regiones[Intervalo],Tabla54[[#This Row],[Intervalo]],Regiones[Skill],'BUPA Seguros'!$L$3)/Tabla54[[#This Row],[Atendidas]],0) -> 0 | H65: =IFERROR(SUMIFS(Regiones[Aten < 20 seg],Regiones[Fecha],Tabla54[[#This Row],[Fecha]],Regiones[Intervalo],Tabla54[[#This Row],[Intervalo]],Regiones[Skill],'BUPA Seguros'!$L$3)/Tabla54[[#This Row],[Recibidas]],0) -> 0 | I65: =IFERROR(Tabla54[[#This Row],[Atendidas]]/Tabla54[[#This Row],[Recibidas]],0) -> 0
B66: =+B65 -> 46205 | C66: 0.25 | D66: =+SUMIFS(Regiones[Ofrecidas],Regiones[Fecha],Tabla54[[#This Row],[Fecha]],Regiones[Intervalo],Tabla54[[#This Row],[Intervalo]],Regiones[Skill],'BUPA Seguros'!$L$3) -> 0 | E66: =+SUMIFS(Regiones[Contestadas],Regiones[Fecha],Tabla54[[#This Row],[Fecha]],Regiones[Intervalo],Tabla54[[#This Row],[Intervalo]],Regiones[Skill],'BUPA Seguros'!$L$3) -> 0 | F66: 0 | G66: =IFERROR(SUMIFS(Regiones[TMO],Regiones[Fecha],Tabla54[[#This Row],[Fecha]],Regiones[Intervalo],Tabla54[[#This Row],[Intervalo]],Regiones[Skill],'BUPA Seguros'!$L$3)/Tabla54[[#This Row],[Atendidas]],0) -> 0 | H66: =IFERROR(SUMIFS(Regiones[Aten < 20 seg],Regiones[Fecha],Tabla54[[#This Row],[Fecha]],Regiones[Intervalo],Tabla54[[#This Row],[Intervalo]],Regiones[Skill],'BUPA Seguros'!$L$3)/Tabla54[[#This Row],[Recibidas]],0) -> 0 | I66: =IFERROR(Tabla54[[#This Row],[Atendidas]]/Tabla54[[#This Row],[Recibidas]],0) -> 0
... B101: =+B100 -> 46205 | C101: 0.97916667 | D101: =+SUMIFS(Regiones[Ofrecidas],Regiones[Fecha],Tabla54[[#This Row],[Fecha]],Regiones[Intervalo],Tabla54[[#This Row],[Intervalo]],Regiones[Skill],'BUPA Seguros'!$L$3) -> 0 | E101: =+SUMIFS(Regiones[Contestadas],Regiones[Fecha],Tabla54[[#This Row],[Fecha]],Regiones[Intervalo],Tabla54[[#This Row],[Intervalo]],Regiones[Skill],'BUPA Seguros'!$L$3) -> 0 | F101: 0 | G101: =IFERROR(SUMIFS(Regiones[TMO],Regiones[Fecha],Tabla54[[#This Row],[Fecha]],Regiones[Intervalo],Tabla54[[#This Row],[Intervalo]],Regiones[Skill],'BUPA Seguros'!$L$3)/Tabla54[[#This Row],[Atendidas]],0) -> 0 | H101: =IFERROR(SUMIFS(Regiones[Aten < 20 seg],Regiones[Fecha],Tabla54[[#This Row],[Fecha]],Regiones[Intervalo],Tabla54[[#This Row],[Intervalo]],Regiones[Skill],'BUPA Seguros'!$L$3)/Tabla54[[#This Row],[Recibidas]],0) -> 0 | I101: =IFERROR(Tabla54[[#This Row],[Atendidas]]/Tabla54[[#This Row],[Recibidas]],0) -> 0
B102: =+B101+1 -> 46206 | C102: 0 | D102: =+SUMIFS(Regiones[Ofrecidas],Regiones[Fecha],Tabla54[[#This Row],[Fecha]],Regiones[Intervalo],Tabla54[[#This Row],[Intervalo]],Regiones[Skill],'BUPA Seguros'!$L$3) -> 0 | E102: =+SUMIFS(Regiones[Contestadas],Regiones[Fecha],Tabla54[[#This Row],[Fecha]],Regiones[Intervalo],Tabla54[[#This Row],[Intervalo]],Regiones[Skill],'BUPA Seguros'!$L$3) -> 0 | F102: 0 | G102: =IFERROR(SUMIFS(Regiones[TMO],Regiones[Fecha],Tabla54[[#This Row],[Fecha]],Regiones[Intervalo],Tabla54[[#This Row],[Intervalo]],Regiones[Skill],'BUPA Seguros'!$L$3)/Tabla54[[#This Row],[Atendidas]],0) -> 0 | H102: =IFERROR(SUMIFS(Regiones[Aten < 20 seg],Regiones[Fecha],Tabla54[[#This Row],[Fecha]],Regiones[Intervalo],Tabla54[[#This Row],[Intervalo]],Regiones[Skill],'BUPA Seguros'!$L$3)/Tabla54[[#This Row],[Recibidas]],0) -> 0 | I102: =IFERROR(Tabla54[[#This Row],[Atendidas]]/Tabla54[[#This Row],[Recibidas]],0) -> 0
B103: =+B102 -> 46206 | C103: 0.020833333 | D103: =+SUMIFS(Regiones[Ofrecidas],Regiones[Fecha],Tabla54[[#This Row],[Fecha]],Regiones[Intervalo],Tabla54[[#This Row],[Intervalo]],Regiones[Skill],'BUPA Seguros'!$L$3) -> 0 | E103: =+SUMIFS(Regiones[Contestadas],Regiones[Fecha],Tabla54[[#This Row],[Fecha]],Regiones[Intervalo],Tabla54[[#This Row],[Intervalo]],Regiones[Skill],'BUPA Seguros'!$L$3) -> 0 | F103: 0 | G103: =IFERROR(SUMIFS(Regiones[TMO],Regiones[Fecha],Tabla54[[#This Row],[Fecha]],Regiones[Intervalo],Tabla54[[#This Row],[Intervalo]],Regiones[Skill],'BUPA Seguros'!$L$3)/Tabla54[[#This Row],[Atendidas]],0) -> 0 | H103: =IFERROR(SUMIFS(Regiones[Aten < 20 seg],Regiones[Fecha],Tabla54[[#This Row],[Fecha]],Regiones[Intervalo],Tabla54[[#This Row],[Intervalo]],Regiones[Skill],'BUPA Seguros'!$L$3)/Tabla54[[#This Row],[Recibidas]],0) -> 0 | I103: =IFERROR(Tabla54[[#This Row],[Atendidas]]/Tabla54[[#This Row],[Recibidas]],0) -> 0
B104: =+B103 -> 46206 | C104: 0.041666667 | D104: =+SUMIFS(Regiones[Ofrecidas],Regiones[Fecha],Tabla54[[#This Row],[Fecha]],Regiones[Intervalo],Tabla54[[#This Row],[Intervalo]],Regiones[Skill],'BUPA Seguros'!$L$3) -> 0 | E104: =+SUMIFS(Regiones[Contestadas],Regiones[Fecha],Tabla54[[#This Row],[Fecha]],Regiones[Intervalo],Tabla54[[#This Row],[Intervalo]],Regiones[Skill],'BUPA Seguros'!$L$3) -> 0 | F104: 0 | G104: =IFERROR(SUMIFS(Regiones[TMO],Regiones[Fecha],Tabla54[[#This Row],[Fecha]],Regiones[Intervalo],Tabla54[[#This Row],[Intervalo]],Regiones[Skill],'BUPA Seguros'!$L$3)/Tabla54[[#This Row],[Atendidas]],0) -> 0 | H104: =IFERROR(SUMIFS(Regiones[Aten < 20 seg],Regiones[Fecha],Tabla54[[#This Row],[Fecha]],Regiones[Intervalo],Tabla54[[#This Row],[Intervalo]],Regiones[Skill],'BUPA Seguros'!$L$3)/Tabla54[[#This Row],[Recibidas]],0) -> 0 | I104: =IFERROR(Tabla54[[#This Row],[Atendidas]]/Tabla54[[#This Row],[Recibidas]],0) -> 0
B105: =+B104 -> 46206 | C105: 0.0625 | D105: =+SUMIFS(Regiones[Ofrecidas],Regiones[Fecha],Tabla54[[#This Row],[Fecha]],Regiones[Intervalo],Tabla54[[#This Row],[Intervalo]],Regiones[Skill],'BUPA Seguros'!$L$3) -> 0 | E105: =+SUMIFS(Regiones[Contestadas],Regiones[Fecha],Tabla54[[#This Row],[Fecha]],Regiones[Intervalo],Tabla54[[#This Row],[Intervalo]],Regiones[Skill],'BUPA Seguros'!$L$3) -> 0 | F105: 0 | G105: =IFERROR(SUMIFS(Regiones[TMO],Regiones[Fecha],Tabla54[[#This Row],[Fecha]],Regiones[Intervalo],Tabla54[[#This Row],[Intervalo]],Regiones[Skill],'BUPA Seguros'!$L$3)/Tabla54[[#This Row],[Atendidas]],0) -> 0 | H105: =IFERROR(SUMIFS(Regiones[Aten < 20 seg],Regiones[Fecha],Tabla54[[#This Row],[Fecha]],Regiones[Intervalo],Tabla54[[#This Row],[Intervalo]],Regiones[Skill],'BUPA Seguros'!$L$3)/Tabla54[[#This Row],[Recibidas]],0) -> 0 | I105: =IFERROR(Tabla54[[#This Row],[Atendidas]]/Tabla54[[#This Row],[Recibidas]],0) -> 0
B106: =+B105 -> 46206 | C106: 0.083333333 | D106: =+SUMIFS(Regiones[Ofrecidas],Regiones[Fecha],Tabla54[[#This Row],[Fecha]],Regiones[Intervalo],Tabla54[[#This Row],[Intervalo]],Regiones[Skill],'BUPA Seguros'!$L$3) -> 0 | E106: =+SUMIFS(Regiones[Contestadas],Regiones[Fecha],Tabla54[[#This Row],[Fecha]],Regiones[Intervalo],Tabla54[[#This Row],[Intervalo]],Regiones[Skill],'BUPA Seguros'!$L$3) -> 0 | F106: 0 | G106: =IFERROR(SUMIFS(Regiones[TMO],Regiones[Fecha],Tabla54[[#This Row],[Fecha]],Regiones[Intervalo],Tabla54[[#This Row],[Intervalo]],Regiones[Skill],'BUPA Seguros'!$L$3)/Tabla54[[#This Row],[Atendidas]],0) -> 0 | H106: =IFERROR(SUMIFS(Regiones[Aten < 20 seg],Regiones[Fecha],Tabla54[[#This Row],[Fecha]],Regiones[Intervalo],Tabla54[[#This Row],[Intervalo]],Regiones[Skill],'BUPA Seguros'!$L$3)/Tabla54[[#This Row],[Recibidas]],0) -> 0 | I106: =IFERROR(Tabla54[[#This Row],[Atendidas]]/Tabla54[[#This Row],[Recibidas]],0) -> 0
B107: =+B106 -> 46206 | C107: 0.10416667 | D107: =+SUMIFS(Regiones[Ofrecidas],Regiones[Fecha],Tabla54[[#This Row],[Fecha]],Regiones[Intervalo],Tabla54[[#This Row],[Intervalo]],Regiones[Skill],'BUPA Seguros'!$L$3) -> 0 | E107: =+SUMIFS(Regiones[Contestadas],Regiones[Fecha],Tabla54[[#This Row],[Fecha]],Regiones[Intervalo],Tabla54[[#This Row],[Intervalo]],Regiones[Skill],'BUPA Seguros'!$L$3) -> 0 | F107: 0 | G107: =IFERROR(SUMIFS(Regiones[TMO],Regiones[Fecha],Tabla54[[#This Row],[Fecha]],Regiones[Intervalo],Tabla54[[#This Row],[Intervalo]],Regiones[Skill],'BUPA Seguros'!$L$3)/Tabla54[[#This Row],[Atendidas]],0) -> 0 | H107: =IFERROR(SUMIFS(Regiones[Aten < 20 seg],Regiones[Fecha],Tabla54[[#This Row],[Fecha]],Regiones[Intervalo],Tabla54[[#This Row],[Intervalo]],Regiones[Skill],'BUPA Seguros'!$L$3)/Tabla54[[#This Row],[Recibidas]],0) -> 0 | I107: =IFERROR(Tabla54[[#This Row],[Atendidas]]/Tabla54[[#This Row],[Recibidas]],0) -> 0
B108: =+B107 -> 46206 | C108: 0.125 | D108: =+SUMIFS(Regiones[Ofrecidas],Regiones[Fecha],Tabla54[[#This Row],[Fecha]],Regiones[Intervalo],Tabla54[[#This Row],[Intervalo]],Regiones[Skill],'BUPA Seguros'!$L$3) -> 0 | E108: =+SUMIFS(Regiones[Contestadas],Regiones[Fecha],Tabla54[[#This Row],[Fecha]],Regiones[Intervalo],Tabla54[[#This Row],[Intervalo]],Regiones[Skill],'BUPA Seguros'!$L$3) -> 0 | F108: 0 | G108: =IFERROR(SUMIFS(Regiones[TMO],Regiones[Fecha],Tabla54[[#This Row],[Fecha]],Regiones[Intervalo],Tabla54[[#This Row],[Intervalo]],Regiones[Skill],'BUPA Seguros'!$L$3)/Tabla54[[#This Row],[Atendidas]],0) -> 0 | H108: =IFERROR(SUMIFS(Regiones[Aten < 20 seg],Regiones[Fecha],Tabla54[[#This Row],[Fecha]],Regiones[Intervalo],Tabla54[[#This Row],[Intervalo]],Regiones[Skill],'BUPA Seguros'!$L$3)/Tabla54[[#This Row],[Recibidas]],0) -> 0 | I108: =IFERROR(Tabla54[[#This Row],[Atendidas]]/Tabla54[[#This Row],[Recibidas]],0) -> 0
B109: =+B108 -> 46206 | C109: 0.14583333 | D109: =+SUMIFS(Regiones[Ofrecidas],Regiones[Fecha],Tabla54[[#This Row],[Fecha]],Regiones[Intervalo],Tabla54[[#This Row],[Intervalo]],Regiones[Skill],'BUPA Seguros'!$L$3) -> 0 | E109: =+SUMIFS(Regiones[Contestadas],Regiones[Fecha],Tabla54[[#This Row],[Fecha]],Regiones[Intervalo],Tabla54[[#This Row],[Intervalo]],Regiones[Skill],'BUPA Seguros'!$L$3) -> 0 | F109: 0 | G109: =IFERROR(SUMIFS(Regiones[TMO],Regiones[Fecha],Tabla54[[#This Row],[Fecha]],Regiones[Intervalo],Tabla54[[#This Row],[Intervalo]],Regiones[Skill],'BUPA Seguros'!$L$3)/Tabla54[[#This Row],[Atendidas]],0) -> 0 | H109: =IFERROR(SUMIFS(Regiones[Aten < 20 seg],Regiones[Fecha],Tabla54[[#This Row],[Fecha]],Regiones[Intervalo],Tabla54[[#This Row],[Intervalo]],Regiones[Skill],'BUPA Seguros'!$L$3)/Tabla54[[#This Row],[Recibidas]],0) -> 0 | I109: =IFERROR(Tabla54[[#This Row],[Atendidas]]/Tabla54[[#This Row],[Recibidas]],0) -> 0
B110: =+B109 -> 46206 | C110: 0.16666667 | D110: =+SUMIFS(Regiones[Ofrecidas],Regiones[Fecha],Tabla54[[#This Row],[Fecha]],Regiones[Intervalo],Tabla54[[#This Row],[Intervalo]],Regiones[Skill],'BUPA Seguros'!$L$3) -> 0 | E110: =+SUMIFS(Regiones[Contestadas],Regiones[Fecha],Tabla54[[#This Row],[Fecha]],Regiones[Intervalo],Tabla54[[#This Row],[Intervalo]],Regiones[Skill],'BUPA Seguros'!$L$3) -> 0 | F110: 0 | G110: =IFERROR(SUMIFS(Regiones[TMO],Regiones[Fecha],Tabla54[[#This Row],[Fecha]],Regiones[Intervalo],Tabla54[[#This Row],[Intervalo]],Regiones[Skill],'BUPA Seguros'!$L$3)/Tabla54[[#This Row],[Atendidas]],0) -> 0 | H110: =IFERROR(SUMIFS(Regiones[Aten < 20 seg],Regiones[Fecha],Tabla54[[#This Row],[Fecha]],Regiones[Intervalo],Tabla54[[#This Row],[Intervalo]],Regiones[Skill],'BUPA Seguros'!$L$3)/Tabla54[[#This Row],[Recibidas]],0) -> 0 | I110: =IFERROR(Tabla54[[#This Row],[Atendidas]]/Tabla54[[#This Row],[Recibidas]],0) -> 0
B111: =+B110 -> 46206 | C111: 0.1875 | D111: =+SUMIFS(Regiones[Ofrecidas],Regiones[Fecha],Tabla54[[#This Row],[Fecha]],Regiones[Intervalo],Tabla54[[#This Row],[Intervalo]],Regiones[Skill],'BUPA Seguros'!$L$3) -> 0 | E111: =+SUMIFS(Regiones[Contestadas],Regiones[Fecha],Tabla54[[#This Row],[Fecha]],Regiones[Intervalo],Tabla54[[#This Row],[Intervalo]],Regiones[Skill],'BUPA Seguros'!$L$3) -> 0 | F111: 0 | G111: =IFERROR(SUMIFS(Regiones[TMO],Regiones[Fecha],Tabla54[[#This Row],[Fecha]],Regiones[Intervalo],Tabla54[[#This Row],[Intervalo]],Regiones[Skill],'BUPA Seguros'!$L$3)/Tabla54[[#This Row],[Atendidas]],0) -> 0 | H111: =IFERROR(SUMIFS(Regiones[Aten < 20 seg],Regiones[Fecha],Tabla54[[#This Row],[Fecha]],Regiones[Intervalo],Tabla54[[#This Row],[Intervalo]],Regiones[Skill],'BUPA Seguros'!$L$3)/Tabla54[[#This Row],[Recibidas]],0) -> 0 | I111: =IFERROR(Tabla54[[#This Row],[Atendidas]]/Tabla54[[#This Row],[Recibidas]],0) -> 0
B112: =+B111 -> 46206 | C112: 0.20833333 | D112: =+SUMIFS(Regiones[Ofrecidas],Regiones[Fecha],Tabla54[[#This Row],[Fecha]],Regiones[Intervalo],Tabla54[[#This Row],[Intervalo]],Regiones[Skill],'BUPA Seguros'!$L$3) -> 0 | E112: =+SUMIFS(Regiones[Contestadas],Regiones[Fecha],Tabla54[[#This Row],[Fecha]],Regiones[Intervalo],Tabla54[[#This Row],[Intervalo]],Regiones[Skill],'BUPA Seguros'!$L$3) -> 0 | F112: 0 | G112: =IFERROR(SUMIFS(Regiones[TMO],Regiones[Fecha],Tabla54[[#This Row],[Fecha]],Regiones[Intervalo],Tabla54[[#This Row],[Intervalo]],Regiones[Skill],'BUPA Seguros'!$L$3)/Tabla54[[#This Row],[Atendidas]],0) -> 0 | H112: =IFERROR(SUMIFS(Regiones[Aten < 20 seg],Regiones[Fecha],Tabla54[[#This Row],[Fecha]],Regiones[Intervalo],Tabla54[[#This Row],[Intervalo]],Regiones[Skill],'BUPA Seguros'!$L$3)/Tabla54[[#This Row],[Recibidas]],0) -> 0 | I112: =IFERROR(Tabla54[[#This Row],[Atendidas]]/Tabla54[[#This Row],[Recibidas]],0) -> 0
B113: =+B112 -> 46206 | C113: 0.22916667 | D113: =+SUMIFS(Regiones[Ofrecidas],Regiones[Fecha],Tabla54[[#This Row],[Fecha]],Regiones[Intervalo],Tabla54[[#This Row],[Intervalo]],Regiones[Skill],'BUPA Seguros'!$L$3) -> 0 | E113: =+SUMIFS(Regiones[Contestadas],Regiones[Fecha],Tabla54[[#This Row],[Fecha]],Regiones[Intervalo],Tabla54[[#This Row],[Intervalo]],Regiones[Skill],'BUPA Seguros'!$L$3) -> 0 | F113: 0 | G113: =IFERROR(SUMIFS(Regiones[TMO],Regiones[Fecha],Tabla54[[#This Row],[Fecha]],Regiones[Intervalo],Tabla54[[#This Row],[Intervalo]],Regiones[Skill],'BUPA Seguros'!$L$3)/Tabla54[[#This Row],[Atendidas]],0) -> 0 | H113: =IFERROR(SUMIFS(Regiones[Aten < 20 seg],Regiones[Fecha],Tabla54[[#This Row],[Fecha]],Regiones[Intervalo],Tabla54[[#This Row],[Intervalo]],Regiones[Skill],'BUPA Seguros'!$L$3)/Tabla54[[#This Row],[Recibidas]],0) -> 0 | I113: =IFERROR(Tabla54[[#This Row],[Atendidas]]/Tabla54[[#This Row],[Recibidas]],0) -> 0
B114: =+B113 -> 46206 | C114: 0.25 | D114: =+SUMIFS(Regiones[Ofrecidas],Regiones[Fecha],Tabla54[[#This Row],[Fecha]],Regiones[Intervalo],Tabla54[[#This Row],[Intervalo]],Regiones[Skill],'BUPA Seguros'!$L$3) -> 0 | E114: =+SUMIFS(Regiones[Contestadas],Regiones[Fecha],Tabla54[[#This Row],[Fecha]],Regiones[Intervalo],Tabla54[[#This Row],[Intervalo]],Regiones[Skill],'BUPA Seguros'!$L$3) -> 0 | F114: 0 | G114: =IFERROR(SUMIFS(Regiones[TMO],Regiones[Fecha],Tabla54[[#This Row],[Fecha]],Regiones[Intervalo],Tabla54[[#This Row],[Intervalo]],Regiones[Skill],'BUPA Seguros'!$L$3)/Tabla54[[#This Row],[Atendidas]],0) -> 0 | H114: =IFERROR(SUMIFS(Regiones[Aten < 20 seg],Regiones[Fecha],Tabla54[[#This Row],[Fecha]],Regiones[Intervalo],Tabla54[[#This Row],[Intervalo]],Regiones[Skill],'BUPA Seguros'!$L$3)/Tabla54[[#This Row],[Recibidas]],0) -> 0 | I114: =IFERROR(Tabla54[[#This Row],[Atendidas]]/Tabla54[[#This Row],[Recibidas]],0) -> 0
... B149: =+B148 -> 46206 | C149: 0.97916667 | D149: =+SUMIFS(Regiones[Ofrecidas],Regiones[Fecha],Tabla54[[#This Row],[Fecha]],Regiones[Intervalo],Tabla54[[#This Row],[Intervalo]],Regiones[Skill],'BUPA Seguros'!$L$3) -> 0 | E149: =+SUMIFS(Regiones[Contestadas],Regiones[Fecha],Tabla54[[#This Row],[Fecha]],Regiones[Intervalo],Tabla54[[#This Row],[Intervalo]],Regiones[Skill],'BUPA Seguros'!$L$3) -> 0 | F149: 0 | G149: =IFERROR(SUMIFS(Regiones[TMO],Regiones[Fecha],Tabla54[[#This Row],[Fecha]],Regiones[Intervalo],Tabla54[[#This Row],[Intervalo]],Regiones[Skill],'BUPA Seguros'!$L$3)/Tabla54[[#This Row],[Atendidas]],0) -> 0 | H149: =IFERROR(SUMIFS(Regiones[Aten < 20 seg],Regiones[Fecha],Tabla54[[#This Row],[Fecha]],Regiones[Intervalo],Tabla54[[#This Row],[Intervalo]],Regiones[Skill],'BUPA Seguros'!$L$3)/Tabla54[[#This Row],[Recibidas]],0) -> 0 | I149: =IFERROR(Tabla54[[#This Row],[Atendidas]]/Tabla54[[#This Row],[Recibidas]],0) -> 0
B150: =+B149+1 -> 46207 | C150: 0 | D150: =+SUMIFS(Regiones[Ofrecidas],Regiones[Fecha],Tabla54[[#This Row],[Fecha]],Regiones[Intervalo],Tabla54[[#This Row],[Intervalo]],Regiones[Skill],'BUPA Seguros'!$L$3) -> 0 | E150: =+SUMIFS(Regiones[Contestadas],Regiones[Fecha],Tabla54[[#This Row],[Fecha]],Regiones[Intervalo],Tabla54[[#This Row],[Intervalo]],Regiones[Skill],'BUPA Seguros'!$L$3) -> 0 | F150: 0 | G150: =IFERROR(SUMIFS(Regiones[TMO],Regiones[Fecha],Tabla54[[#This Row],[Fecha]],Regiones[Intervalo],Tabla54[[#This Row],[Intervalo]],Regiones[Skill],'BUPA Seguros'!$L$3)/Tabla54[[#This Row],[Atendidas]],0) -> 0 | H150: =IFERROR(SUMIFS(Regiones[Aten < 20 seg],Regiones[Fecha],Tabla54[[#This Row],[Fecha]],Regiones[Intervalo],Tabla54[[#This Row],[Intervalo]],Regiones[Skill],'BUPA Seguros'!$L$3)/Tabla54[[#This Row],[Recibidas]],0) -> 0 | I150: =IFERROR(Tabla54[[#This Row],[Atendidas]]/Tabla54[[#This Row],[Recibidas]],0) -> 0
B151: =+B150 -> 46207 | C151: 0.020833333 | D151: =+SUMIFS(Regiones[Ofrecidas],Regiones[Fecha],Tabla54[[#This Row],[Fecha]],Regiones[Intervalo],Tabla54[[#This Row],[Intervalo]],Regiones[Skill],'BUPA Seguros'!$L$3) -> 0 | E151: =+SUMIFS(Regiones[Contestadas],Regiones[Fecha],Tabla54[[#This Row],[Fecha]],Regiones[Intervalo],Tabla54[[#This Row],[Intervalo]],Regiones[Skill],'BUPA Seguros'!$L$3) -> 0 | F151: 0 | G151: =IFERROR(SUMIFS(Regiones[TMO],Regiones[Fecha],Tabla54[[#This Row],[Fecha]],Regiones[Intervalo],Tabla54[[#This Row],[Intervalo]],Regiones[Skill],'BUPA Seguros'!$L$3)/Tabla54[[#This Row],[Atendidas]],0) -> 0 | H151: =IFERROR(SUMIFS(Regiones[Aten < 20 seg],Regiones[Fecha],Tabla54[[#This Row],[Fecha]],Regiones[Intervalo],Tabla54[[#This Row],[Intervalo]],Regiones[Skill],'BUPA Seguros'!$L$3)/Tabla54[[#This Row],[Recibidas]],0) -> 0 | I151: =IFERROR(Tabla54[[#This Row],[Atendidas]]/Tabla54[[#This Row],[Recibidas]],0) -> 0
B152: =+B151 -> 46207 | C152: 0.041666667 | D152: =+SUMIFS(Regiones[Ofrecidas],Regiones[Fecha],Tabla54[[#This Row],[Fecha]],Regiones[Intervalo],Tabla54[[#This Row],[Intervalo]],Regiones[Skill],'BUPA Seguros'!$L$3) -> 0 | E152: =+SUMIFS(Regiones[Contestadas],Regiones[Fecha],Tabla54[[#This Row],[Fecha]],Regiones[Intervalo],Tabla54[[#This Row],[Intervalo]],Regiones[Skill],'BUPA Seguros'!$L$3) -> 0 | F152: 0 | G152: =IFERROR(SUMIFS(Regiones[TMO],Regiones[Fecha],Tabla54[[#This Row],[Fecha]],Regiones[Intervalo],Tabla54[[#This Row],[Intervalo]],Regiones[Skill],'BUPA Seguros'!$L$3)/Tabla54[[#This Row],[Atendidas]],0) -> 0 | H152: =IFERROR(SUMIFS(Regiones[Aten < 20 seg],Regiones[Fecha],Tabla54[[#This Row],[Fecha]],Regiones[Intervalo],Tabla54[[#This Row],[Intervalo]],Regiones[Skill],'BUPA Seguros'!$L$3)/Tabla54[[#This Row],[Recibidas]],0) -> 0 | I152: =IFERROR(Tabla54[[#This Row],[Atendidas]]/Tabla54[[#This Row],[Recibidas]],0) -> 0
B153: =+B152 -> 46207 | C153: 0.0625 | D153: =+SUMIFS(Regiones[Ofrecidas],Regiones[Fecha],Tabla54[[#This Row],[Fecha]],Regiones[Intervalo],Tabla54[[#This Row],[Intervalo]],Regiones[Skill],'BUPA Seguros'!$L$3) -> 0 | E153: =+SUMIFS(Regiones[Contestadas],Regiones[Fecha],Tabla54[[#This Row],[Fecha]],Regiones[Intervalo],Tabla54[[#This Row],[Intervalo]],Regiones[Skill],'BUPA Seguros'!$L$3) -> 0 | F153: 0 | G153: =IFERROR(SUMIFS(Regiones[TMO],Regiones[Fecha],Tabla54[[#This Row],[Fecha]],Regiones[Intervalo],Tabla54[[#This Row],[Intervalo]],Regiones[Skill],'BUPA Seguros'!$L$3)/Tabla54[[#This Row],[Atendidas]],0) -> 0 | H153: =IFERROR(SUMIFS(Regiones[Aten < 20 seg],Regiones[Fecha],Tabla54[[#This Row],[Fecha]],Regiones[Intervalo],Tabla54[[#This Row],[Intervalo]],Regiones[Skill],'BUPA Seguros'!$L$3)/Tabla54[[#This Row],[Recibidas]],0) -> 0 | I153: =IFERROR(Tabla54[[#This Row],[Atendidas]]/Tabla54[[#This Row],[Recibidas]],0) -> 0
B154: =+B153 -> 46207 | C154: 0.083333333 | D154: =+SUMIFS(Regiones[Ofrecidas],Regiones[Fecha],Tabla54[[#This Row],[Fecha]],Regiones[Intervalo],Tabla54[[#This Row],[Intervalo]],Regiones[Skill],'BUPA Seguros'!$L$3) -> 0 | E154: =+SUMIFS(Regiones[Contestadas],Regiones[Fecha],Tabla54[[#This Row],[Fecha]],Regiones[Intervalo],Tabla54[[#This Row],[Intervalo]],Regiones[Skill],'BUPA Seguros'!$L$3) -> 0 | F154: 0 | G154: =IFERROR(SUMIFS(Regiones[TMO],Regiones[Fecha],Tabla54[[#This Row],[Fecha]],Regiones[Intervalo],Tabla54[[#This Row],[Intervalo]],Regiones[Skill],'BUPA Seguros'!$L$3)/Tabla54[[#This Row],[Atendidas]],0) -> 0 | H154: =IFERROR(SUMIFS(Regiones[Aten < 20 seg],Regiones[Fecha],Tabla54[[#This Row],[Fecha]],Regiones[Intervalo],Tabla54[[#This Row],[Intervalo]],Regiones[Skill],'BUPA Seguros'!$L$3)/Tabla54[[#This Row],[Recibidas]],0) -> 0 | I154: =IFERROR(Tabla54[[#This Row],[Atendidas]]/Tabla54[[#This Row],[Recibidas]],0) -> 0
B155: =+B154 -> 46207 | C155: 0.10416667 | D155: =+SUMIFS(Regiones[Ofrecidas],Regiones[Fecha],Tabla54[[#This Row],[Fecha]],Regiones[Intervalo],Tabla54[[#This Row],[Intervalo]],Regiones[Skill],'BUPA Seguros'!$L$3) -> 0 | E155: =+SUMIFS(Regiones[Contestadas],Regiones[Fecha],Tabla54[[#This Row],[Fecha]],Regiones[Intervalo],Tabla54[[#This Row],[Intervalo]],Regiones[Skill],'BUPA Seguros'!$L$3) -> 0 | F155: 0 | G155: =IFERROR(SUMIFS(Regiones[TMO],Regiones[Fecha],Tabla54[[#This Row],[Fecha]],Regiones[Intervalo],Tabla54[[#This Row],[Intervalo]],Regiones[Skill],'BUPA Seguros'!$L$3)/Tabla54[[#This Row],[Atendidas]],0) -> 0 | H155: =IFERROR(SUMIFS(Regiones[Aten < 20 seg],Regiones[Fecha],Tabla54[[#This Row],[Fecha]],Regiones[Intervalo],Tabla54[[#This Row],[Intervalo]],Regiones[Skill],'BUPA Seguros'!$L$3)/Tabla54[[#This Row],[Recibidas]],0) -> 0 | I155: =IFERROR(Tabla54[[#This Row],[Atendidas]]/Tabla54[[#This Row],[Recibidas]],0) -> 0
B156: =+B155 -> 46207 | C156: 0.125 | D156: =+SUMIFS(Regiones[Ofrecidas],Regiones[Fecha],Tabla54[[#This Row],[Fecha]],Regiones[Intervalo],Tabla54[[#This Row],[Intervalo]],Regiones[Skill],'BUPA Seguros'!$L$3) -> 0 | E156: =+SUMIFS(Regiones[Contestadas],Regiones[Fecha],Tabla54[[#This Row],[Fecha]],Regiones[Intervalo],Tabla54[[#This Row],[Intervalo]],Regiones[Skill],'BUPA Seguros'!$L$3) -> 0 | F156: 0 | G156: =IFERROR(SUMIFS(Regiones[TMO],Regiones[Fecha],Tabla54[[#This Row],[Fecha]],Regiones[Intervalo],Tabla54[[#This Row],[Intervalo]],Regiones[Skill],'BUPA Seguros'!$L$3)/Tabla54[[#This Row],[Atendidas]],0) -> 0 | H156: =IFERROR(SUMIFS(Regiones[Aten < 20 seg],Regiones[Fecha],Tabla54[[#This Row],[Fecha]],Regiones[Intervalo],Tabla54[[#This Row],[Intervalo]],Regiones[Skill],'BUPA Seguros'!$L$3)/Tabla54[[#This Row],[Recibidas]],0) -> 0 | I156: =IFERROR(Tabla54[[#This Row],[Atendidas]]/Tabla54[[#This Row],[Recibidas]],0) -> 0
B157: =+B156 -> 46207 | C157: 0.14583333 | D157: =+SUMIFS(Regiones[Ofrecidas],Regiones[Fecha],Tabla54[[#This Row],[Fecha]],Regiones[Intervalo],Tabla54[[#This Row],[Intervalo]],Regiones[Skill],'BUPA Seguros'!$L$3) -> 0 | E157: =+SUMIFS(Regiones[Contestadas],Regiones[Fecha],Tabla54[[#This Row],[Fecha]],Regiones[Intervalo],Tabla54[[#This Row],[Intervalo]],Regiones[Skill],'BUPA Seguros'!$L$3) -> 0 | F157: 0 | G157: =IFERROR(SUMIFS(Regiones[TMO],Regiones[Fecha],Tabla54[[#This Row],[Fecha]],Regiones[Intervalo],Tabla54[[#This Row],[Intervalo]],Regiones[Skill],'BUPA Seguros'!$L$3)/Tabla54[[#This Row],[Atendidas]],0) -> 0 | H157: =IFERROR(SUMIFS(Regiones[Aten < 20 seg],Regiones[Fecha],Tabla54[[#This Row],[Fecha]],Regiones[Intervalo],Tabla54[[#This Row],[Intervalo]],Regiones[Skill],'BUPA Seguros'!$L$3)/Tabla54[[#This Row],[Recibidas]],0) -> 0 | I157: =IFERROR(Tabla54[[#This Row],[Atendidas]]/Tabla54[[#This Row],[Recibidas]],0) -> 0
B158: =+B157 -> 46207 | C158: 0.16666667 | D158: =+SUMIFS(Regiones[Ofrecidas],Regiones[Fecha],Tabla54[[#This Row],[Fecha]],Regiones[Intervalo],Tabla54[[#This Row],[Intervalo]],Regiones[Skill],'BUPA Seguros'!$L$3) -> 0 | E158: =+SUMIFS(Regiones[Contestadas],Regiones[Fecha],Tabla54[[#This Row],[Fecha]],Regiones[Intervalo],Tabla54[[#This Row],[Intervalo]],Regiones[Skill],'BUPA Seguros'!$L$3) -> 0 | F158: 0 | G158: =IFERROR(SUMIFS(Regiones[TMO],Regiones[Fecha],Tabla54[[#This Row],[Fecha]],Regiones[Intervalo],Tabla54[[#This Row],[Intervalo]],Regiones[Skill],'BUPA Seguros'!$L$3)/Tabla54[[#This Row],[Atendidas]],0) -> 0 | H158: =IFERROR(SUMIFS(Regiones[Aten < 20 seg],Regiones[Fecha],Tabla54[[#This Row],[Fecha]],Regiones[Intervalo],Tabla54[[#This Row],[Intervalo]],Regiones[Skill],'BUPA Seguros'!$L$3)/Tabla54[[#This Row],[Recibidas]],0) -> 0 | I158: =IFERROR(Tabla54[[#This Row],[Atendidas]]/Tabla54[[#This Row],[Recibidas]],0) -> 0
B159: =+B158 -> 46207 | C159: 0.1875 | D159: =+SUMIFS(Regiones[Ofrecidas],Regiones[Fecha],Tabla54[[#This Row],[Fecha]],Regiones[Intervalo],Tabla54[[#This Row],[Intervalo]],Regiones[Skill],'BUPA Seguros'!$L$3) -> 0 | E159: =+SUMIFS(Regiones[Contestadas],Regiones[Fecha],Tabla54[[#This Row],[Fecha]],Regiones[Intervalo],Tabla54[[#This Row],[Intervalo]],Regiones[Skill],'BUPA Seguros'!$L$3) -> 0 | F159: 0 | G159: =IFERROR(SUMIFS(Regiones[TMO],Regiones[Fecha],Tabla54[[#This Row],[Fecha]],Regiones[Intervalo],Tabla54[[#This Row],[Intervalo]],Regiones[Skill],'BUPA Seguros'!$L$3)/Tabla54[[#This Row],[Atendidas]],0) -> 0 | H159: =IFERROR(SUMIFS(Regiones[Aten < 20 seg],Regiones[Fecha],Tabla54[[#This Row],[Fecha]],Regiones[Intervalo],Tabla54[[#This Row],[Intervalo]],Regiones[Skill],'BUPA Seguros'!$L$3)/Tabla54[[#This Row],[Recibidas]],0) -> 0 | I159: =IFERROR(Tabla54[[#This Row],[Atendidas]]/Tabla54[[#This Row],[Recibidas]],0) -> 0
B160: =+B159 -> 46207 | C160: 0.20833333 | D160: =+SUMIFS(Regiones[Ofrecidas],Regiones[Fecha],Tabla54[[#This Row],[Fecha]],Regiones[Intervalo],Tabla54[[#This Row],[Intervalo]],Regiones[Skill],'BUPA Seguros'!$L$3) -> 0 | E160: =+SUMIFS(Regiones[Contestadas],Regiones[Fecha],Tabla54[[#This Row],[Fecha]],Regiones[Intervalo],Tabla54[[#This Row],[Intervalo]],Regiones[Skill],'BUPA Seguros'!$L$3) -> 0 | F160: 0 | G160: =IFERROR(SUMIFS(Regiones[TMO],Regiones[Fecha],Tabla54[[#This Row],[Fecha]],Regiones[Intervalo],Tabla54[[#This Row],[Intervalo]],Regiones[Skill],'BUPA Seguros'!$L$3)/Tabla54[[#This Row],[Atendidas]],0) -> 0 | H160: =IFERROR(SUMIFS(Regiones[Aten < 20 seg],Regiones[Fecha],Tabla54[[#This Row],[Fecha]],Regiones[Intervalo],Tabla54[[#This Row],[Intervalo]],Regiones[Skill],'BUPA Seguros'!$L$3)/Tabla54[[#This Row],[Recibidas]],0) -> 0 | I160: =IFERROR(Tabla54[[#This Row],[Atendidas]]/Tabla54[[#This Row],[Recibidas]],0) -> 0
B161: =+B160 -> 46207 | C161: 0.22916667 | D161: =+SUMIFS(Regiones[Ofrecidas],Regiones[Fecha],Tabla54[[#This Row],[Fecha]],Regiones[Intervalo],Tabla54[[#This Row],[Intervalo]],Regiones[Skill],'BUPA Seguros'!$L$3) -> 0 | E161: =+SUMIFS(Regiones[Contestadas],Regiones[Fecha],Tabla54[[#This Row],[Fecha]],Regiones[Intervalo],Tabla54[[#This Row],[Intervalo]],Regiones[Skill],'BUPA Seguros'!$L$3) -> 0 | F161: 0 | G161: =IFERROR(SUMIFS(Regiones[TMO],Regiones[Fecha],Tabla54[[#This Row],[Fecha]],Regiones[Intervalo],Tabla54[[#This Row],[Intervalo]],Regiones[Skill],'BUPA Seguros'!$L$3)/Tabla54[[#This Row],[Atendidas]],0) -> 0 | H161: =IFERROR(SUMIFS(Regiones[Aten < 20 seg],Regiones[Fecha],Tabla54[[#This Row],[Fecha]],Regiones[Intervalo],Tabla54[[#This Row],[Intervalo]],Regiones[Skill],'BUPA Seguros'!$L$3)/Tabla54[[#This Row],[Recibidas]],0) -> 0 | I161: =IFERROR(Tabla54[[#This Row],[Atendidas]]/Tabla54[[#This Row],[Recibidas]],0) -> 0
B162: =+B161 -> 46207 | C162: 0.25 | D162: =+SUMIFS(Regiones[Ofrecidas],Regiones[Fecha],Tabla54[[#This Row],[Fecha]],Regiones[Intervalo],Tabla54[[#This Row],[Intervalo]],Regiones[Skill],'BUPA Seguros'!$L$3) -> 0 | E162: =+SUMIFS(Regiones[Contestadas],Regiones[Fecha],Tabla54[[#This Row],[Fecha]],Regiones[Intervalo],Tabla54[[#This Row],[Intervalo]],Regiones[Skill],'BUPA Seguros'!$L$3) -> 0 | F162: 0 | G162: =IFERROR(SUMIFS(Regiones[TMO],Regiones[Fecha],Tabla54[[#This Row],[Fecha]],Regiones[Intervalo],Tabla54[[#This Row],[Intervalo]],Regiones[Skill],'BUPA Seguros'!$L$3)/Tabla54[[#This Row],[Atendidas]],0) -> 0 | H162: =IFERROR(SUMIFS(Regiones[Aten < 20 seg],Regiones[Fecha],Tabla54[[#This Row],[Fecha]],Regiones[Intervalo],Tabla54[[#This Row],[Intervalo]],Regiones[Skill],'BUPA Seguros'!$L$3)/Tabla54[[#This Row],[Recibidas]],0) -> 0 | I162: =IFERROR(Tabla54[[#This Row],[Atendidas]]/Tabla54[[#This Row],[Recibidas]],0) -> 0
... B197: =+B196 -> 46207 | C197: 0.97916667 | D197: =+SUMIFS(Regiones[Ofrecidas],Regiones[Fecha],Tabla54[[#This Row],[Fecha]],Regiones[Intervalo],Tabla54[[#This Row],[Intervalo]],Regiones[Skill],'BUPA Seguros'!$L$3) -> 0 | E197: =+SUMIFS(Regiones[Contestadas],Regiones[Fecha],Tabla54[[#This Row],[Fecha]],Regiones[Intervalo],Tabla54[[#This Row],[Intervalo]],Regiones[Skill],'BUPA Seguros'!$L$3) -> 0 | F197: 0 | G197: =IFERROR(SUMIFS(Regiones[TMO],Regiones[Fecha],Tabla54[[#This Row],[Fecha]],Regiones[Intervalo],Tabla54[[#This Row],[Intervalo]],Regiones[Skill],'BUPA Seguros'!$L$3)/Tabla54[[#This Row],[Atendidas]],0) -> 0 | H197: =IFERROR(SUMIFS(Regiones[Aten < 20 seg],Regiones[Fecha],Tabla54[[#This Row],[Fecha]],Regiones[Intervalo],Tabla54[[#This Row],[Intervalo]],Regiones[Skill],'BUPA Seguros'!$L$3)/Tabla54[[#This Row],[Recibidas]],0) -> 0 | I197: =IFERROR(Tabla54[[#This Row],[Atendidas]]/Tabla54[[#This Row],[Recibidas]],0) -> 0
B198: =+B197+1 -> 46208 | C198: 0 | D198: =+SUMIFS(Regiones[Ofrecidas],Regiones[Fecha],Tabla54[[#This Row],[Fecha]],Regiones[Intervalo],Tabla54[[#This Row],[Intervalo]],Regiones[Skill],'BUPA Seguros'!$L$3) -> 0 | E198: =+SUMIFS(Regiones[Contestadas],Regiones[Fecha],Tabla54[[#This Row],[Fecha]],Regiones[Intervalo],Tabla54[[#This Row],[Intervalo]],Regiones[Skill],'BUPA Seguros'!$L$3) -> 0 | F198: 0 | G198: =IFERROR(SUMIFS(Regiones[TMO],Regiones[Fecha],Tabla54[[#This Row],[Fecha]],Regiones[Intervalo],Tabla54[[#This Row],[Intervalo]],Regiones[Skill],'BUPA Seguros'!$L$3)/Tabla54[[#This Row],[Atendidas]],0) -> 0 | H198: =IFERROR(SUMIFS(Regiones[Aten < 20 seg],Regiones[Fecha],Tabla54[[#This Row],[Fecha]],Regiones[Intervalo],Tabla54[[#This Row],[Intervalo]],Regiones[Skill],'BUPA Seguros'!$L$3)/Tabla54[[#This Row],[Recibidas]],0) -> 0 | I198: =IFERROR(Tabla54[[#This Row],[Atendidas]]/Tabla54[[#This Row],[Recibidas]],0) -> 0
B199: =+B198 -> 46208 | C199: 0.020833333 | D199: =+SUMIFS(Regiones[Ofrecidas],Regiones[Fecha],Tabla54[[#This Row],[Fecha]],Regiones[Intervalo],Tabla54[[#This Row],[Intervalo]],Regiones[Skill],'BUPA Seguros'!$L$3) -> 0 | E199: =+SUMIFS(Regiones[Contestadas],Regiones[Fecha],Tabla54[[#This Row],[Fecha]],Regiones[Intervalo],Tabla54[[#This Row],[Intervalo]],Regiones[Skill],'BUPA Seguros'!$L$3) -> 0 | F199: 0 | G199: =IFERROR(SUMIFS(Regiones[TMO],Regiones[Fecha],Tabla54[[#This Row],[Fecha]],Regiones[Intervalo],Tabla54[[#This Row],[Intervalo]],Regiones[Skill],'BUPA Seguros'!$L$3)/Tabla54[[#This Row],[Atendidas]],0) -> 0 | H199: =IFERROR(SUMIFS(Regiones[Aten < 20 seg],Regiones[Fecha],Tabla54[[#This Row],[Fecha]],Regiones[Intervalo],Tabla54[[#This Row],[Intervalo]],Regiones[Skill],'BUPA Seguros'!$L$3)/Tabla54[[#This Row],[Recibidas]],0) -> 0 | I199: =IFERROR(Tabla54[[#This Row],[Atendidas]]/Tabla54[[#This Row],[Recibidas]],0) -> 0
B200: =+B199 -> 46208 | C200: 0.041666667 | D200: =+SUMIFS(Regiones[Ofrecidas],Regiones[Fecha],Tabla54[[#This Row],[Fecha]],Regiones[Intervalo],Tabla54[[#This Row],[Intervalo]],Regiones[Skill],'BUPA Seguros'!$L$3) -> 0 | E200: =+SUMIFS(Regiones[Contestadas],Regiones[Fecha],Tabla54[[#This Row],[Fecha]],Regiones[Intervalo],Tabla54[[#This Row],[Intervalo]],Regiones[Skill],'BUPA Seguros'!$L$3) -> 0 | F200: 0 | G200: =IFERROR(SUMIFS(Regiones[TMO],Regiones[Fecha],Tabla54[[#This Row],[Fecha]],Regiones[Intervalo],Tabla54[[#This Row],[Intervalo]],Regiones[Skill],'BUPA Seguros'!$L$3)/Tabla54[[#This Row],[Atendidas]],0) -> 0 | H200: =IFERROR(SUMIFS(Regiones[Aten < 20 seg],Regiones[Fecha],Tabla54[[#This Row],[Fecha]],Regiones[Intervalo],Tabla54[[#This Row],[Intervalo]],Regiones[Skill],'BUPA Seguros'!$L$3)/Tabla54[[#This Row],[Recibidas]],0) -> 0 | I200: =IFERROR(Tabla54[[#This Row],[Atendidas]]/Tabla54[[#This Row],[Recibidas]],0) -> 0
B201: =+B200 -> 46208 | C201: 0.0625 | D201: =+SUMIFS(Regiones[Ofrecidas],Regiones[Fecha],Tabla54[[#This Row],[Fecha]],Regiones[Intervalo],Tabla54[[#This Row],[Intervalo]],Regiones[Skill],'BUPA Seguros'!$L$3) -> 0 | E201: =+SUMIFS(Regiones[Contestadas],Regiones[Fecha],Tabla54[[#This Row],[Fecha]],Regiones[Intervalo],Tabla54[[#This Row],[Intervalo]],Regiones[Skill],'BUPA Seguros'!$L$3) -> 0 | F201: 0 | G201: =IFERROR(SUMIFS(Regiones[TMO],Regiones[Fecha],Tabla54[[#This Row],[Fecha]],Regiones[Intervalo],Tabla54[[#This Row],[Intervalo]],Regiones[Skill],'BUPA Seguros'!$L$3)/Tabla54[[#This Row],[Atendidas]],0) -> 0 | H201: =IFERROR(SUMIFS(Regiones[Aten < 20 seg],Regiones[Fecha],Tabla54[[#This Row],[Fecha]],Regiones[Intervalo],Tabla54[[#This Row],[Intervalo]],Regiones[Skill],'BUPA Seguros'!$L$3)/Tabla54[[#This Row],[Recibidas]],0) -> 0 | I201: =IFERROR(Tabla54[[#This Row],[Atendidas]]/Tabla54[[#This Row],[Recibidas]],0) -> 0
B202: =+B201 -> 46208 | C202: 0.083333333 | D202: =+SUMIFS(Regiones[Ofrecidas],Regiones[Fecha],Tabla54[[#This Row],[Fecha]],Regiones[Intervalo],Tabla54[[#This Row],[Intervalo]],Regiones[Skill],'BUPA Seguros'!$L$3) -> 0 | E202: =+SUMIFS(Regiones[Contestadas],Regiones[Fecha],Tabla54[[#This Row],[Fecha]],Regiones[Intervalo],Tabla54[[#This Row],[Intervalo]],Regiones[Skill],'BUPA Seguros'!$L$3) -> 0 | F202: 0 | G202: =IFERROR(SUMIFS(Regiones[TMO],Regiones[Fecha],Tabla54[[#This Row],[Fecha]],Regiones[Intervalo],Tabla54[[#This Row],[Intervalo]],Regiones[Skill],'BUPA Seguros'!$L$3)/Tabla54[[#This Row],[Atendidas]],0) -> 0 | H202: =IFERROR(SUMIFS(Regiones[Aten < 20 seg],Regiones[Fecha],Tabla54[[#This Row],[Fecha]],Regiones[Intervalo],Tabla54[[#This Row],[Intervalo]],Regiones[Skill],'BUPA Seguros'!$L$3)/Tabla54[[#This Row],[Recibidas]],0) -> 0 | I202: =IFERROR(Tabla54[[#This Row],[Atendidas]]/Tabla54[[#This Row],[Recibidas]],0) -> 0
B203: =+B202 -> 46208 | C203: 0.10416667 | D203: =+SUMIFS(Regiones[Ofrecidas],Regiones[Fecha],Tabla54[[#This Row],[Fecha]],Regiones[Intervalo],Tabla54[[#This Row],[Intervalo]],Regiones[Skill],'BUPA Seguros'!$L$3) -> 0 | E203: =+SUMIFS(Regiones[Contestadas],Regiones[Fecha],Tabla54[[#This Row],[Fecha]],Regiones[Intervalo],Tabla54[[#This Row],[Intervalo]],Regiones[Skill],'BUPA Seguros'!$L$3) -> 0 | F203: 0 | G203: =IFERROR(SUMIFS(Regiones[TMO],Regiones[Fecha],Tabla54[[#This Row],[Fecha]],Regiones[Intervalo],Tabla54[[#This Row],[Intervalo]],Regiones[Skill],'BUPA Seguros'!$L$3)/Tabla54[[#This Row],[Atendidas]],0) -> 0 | H203: =IFERROR(SUMIFS(Regiones[Aten < 20 seg],Regiones[Fecha],Tabla54[[#This Row],[Fecha]],Regiones[Intervalo],Tabla54[[#This Row],[Intervalo]],Regiones[Skill],'BUPA Seguros'!$L$3)/Tabla54[[#This Row],[Recibidas]],0) -> 0 | I203: =IFERROR(Tabla54[[#This Row],[Atendidas]]/Tabla54[[#This Row],[Recibidas]],0) -> 0
B204: =+B203 -> 46208 | C204: 0.125 | D204: =+SUMIFS(Regiones[Ofrecidas],Regiones[Fecha],Tabla54[[#This Row],[Fecha]],Regiones[Intervalo],Tabla54[[#This Row],[Intervalo]],Regiones[Skill],'BUPA Seguros'!$L$3) -> 0 | E204: =+SUMIFS(Regiones[Contestadas],Regiones[Fecha],Tabla54[[#This Row],[Fecha]],Regiones[Intervalo],Tabla54[[#This Row],[Intervalo]],Regiones[Skill],'BUPA Seguros'!$L$3) -> 0 | F204: 0 | G204: =IFERROR(SUMIFS(Regiones[TMO],Regiones[Fecha],Tabla54[[#This Row],[Fecha]],Regiones[Intervalo],Tabla54[[#This Row],[Intervalo]],Regiones[Skill],'BUPA Seguros'!$L$3)/Tabla54[[#This Row],[Atendidas]],0) -> 0 | H204: =IFERROR(SUMIFS(Regiones[Aten < 20 seg],Regiones[Fecha],Tabla54[[#This Row],[Fecha]],Regiones[Intervalo],Tabla54[[#This Row],[Intervalo]],Regiones[Skill],'BUPA Seguros'!$L$3)/Tabla54[[#This Row],[Recibidas]],0) -> 0 | I204: =IFERROR(Tabla54[[#This Row],[Atendidas]]/Tabla54[[#This Row],[Recibidas]],0) -> 0
B205: =+B204 -> 46208 | C205: 0.14583333 | D205: =+SUMIFS(Regiones[Ofrecidas],Regiones[Fecha],Tabla54[[#This Row],[Fecha]],Regiones[Intervalo],Tabla54[[#This Row],[Intervalo]],Regiones[Skill],'BUPA Seguros'!$L$3) -> 0 | E205: =+SUMIFS(Regiones[Contestadas],Regiones[Fecha],Tabla54[[#This Row],[Fecha]],Regiones[Intervalo],Tabla54[[#This Row],[Intervalo]],Regiones[Skill],'BUPA Seguros'!$L$3) -> 0 | F205: 0 | G205: =IFERROR(SUMIFS(Regiones[TMO],Regiones[Fecha],Tabla54[[#This Row],[Fecha]],Regiones[Intervalo],Tabla54[[#This Row],[Intervalo]],Regiones[Skill],'BUPA Seguros'!$L$3)/Tabla54[[#This Row],[Atendidas]],0) -> 0 | H205: =IFERROR(SUMIFS(Regiones[Aten < 20 seg],Regiones[Fecha],Tabla54[[#This Row],[Fecha]],Regiones[Intervalo],Tabla54[[#This Row],[Intervalo]],Regiones[Skill],'BUPA Seguros'!$L$3)/Tabla54[[#This Row],[Recibidas]],0) -> 0 | I205: =IFERROR(Tabla54[[#This Row],[Atendidas]]/Tabla54[[#This Row],[Recibidas]],0) -> 0
B206: =+B205 -> 46208 | C206: 0.16666667 | D206: =+SUMIFS(Regiones[Ofrecidas],Regiones[Fecha],Tabla54[[#This Row],[Fecha]],Regiones[Intervalo],Tabla54[[#This Row],[Intervalo]],Regiones[Skill],'BUPA Seguros'!$L$3) -> 0 | E206: =+SUMIFS(Regiones[Contestadas],Regiones[Fecha],Tabla54[[#This Row],[Fecha]],Regiones[Intervalo],Tabla54[[#This Row],[Intervalo]],Regiones[Skill],'BUPA Seguros'!$L$3) -> 0 | F206: 0 | G206: =IFERROR(SUMIFS(Regiones[TMO],Regiones[Fecha],Tabla54[[#This Row],[Fecha]],Regiones[Intervalo],Tabla54[[#This Row],[Intervalo]],Regiones[Skill],'BUPA Seguros'!$L$3)/Tabla54[[#This Row],[Atendidas]],0) -> 0 | H206: =IFERROR(SUMIFS(Regiones[Aten < 20 seg],Regiones[Fecha],Tabla54[[#This Row],[Fecha]],Regiones[Intervalo],Tabla54[[#This Row],[Intervalo]],Regiones[Skill],'BUPA Seguros'!$L$3)/Tabla54[[#This Row],[Recibidas]],0) -> 0 | I206: =IFERROR(Tabla54[[#This Row],[Atendidas]]/Tabla54[[#This Row],[Recibidas]],0) -> 0
B207: =+B206 -> 46208 | C207: 0.1875 | D207: =+SUMIFS(Regiones[Ofrecidas],Regiones[Fecha],Tabla54[[#This Row],[Fecha]],Regiones[Intervalo],Tabla54[[#This Row],[Intervalo]],Regiones[Skill],'BUPA Seguros'!$L$3) -> 0 | E207: =+SUMIFS(Regiones[Contestadas],Regiones[Fecha],Tabla54[[#This Row],[Fecha]],Regiones[Intervalo],Tabla54[[#This Row],[Intervalo]],Regiones[Skill],'BUPA Seguros'!$L$3) -> 0 | F207: 0 | G207: =IFERROR(SUMIFS(Regiones[TMO],Regiones[Fecha],Tabla54[[#This Row],[Fecha]],Regiones[Intervalo],Tabla54[[#This Row],[Intervalo]],Regiones[Skill],'BUPA Seguros'!$L$3)/Tabla54[[#This Row],[Atendidas]],0) -> 0 | H207: =IFERROR(SUMIFS(Regiones[Aten < 20 seg],Regiones[Fecha],Tabla54[[#This Row],[Fecha]],Regiones[Intervalo],Tabla54[[#This Row],[Intervalo]],Regiones[Skill],'BUPA Seguros'!$L$3)/Tabla54[[#This Row],[Recibidas]],0) -> 0 | I207: =IFERROR(Tabla54[[#This Row],[Atendidas]]/Tabla54[[#This Row],[Recibidas]],0) -> 0
B208: =+B207 -> 46208 | C208: 0.20833333 | D208: =+SUMIFS(Regiones[Ofrecidas],Regiones[Fecha],Tabla54[[#This Row],[Fecha]],Regiones[Intervalo],Tabla54[[#This Row],[Intervalo]],Regiones[Skill],'BUPA Seguros'!$L$3) -> 0 | E208: =+SUMIFS(Regiones[Contestadas],Regiones[Fecha],Tabla54[[#This Row],[Fecha]],Regiones[Intervalo],Tabla54[[#This Row],[Intervalo]],Regiones[Skill],'BUPA Seguros'!$L$3) -> 0 | F208: 0 | G208: =IFERROR(SUMIFS(Regiones[TMO],Regiones[Fecha],Tabla54[[#This Row],[Fecha]],Regiones[Intervalo],Tabla54[[#This Row],[Intervalo]],Regiones[Skill],'BUPA Seguros'!$L$3)/Tabla54[[#This Row],[Atendidas]],0) -> 0 | H208: =IFERROR(SUMIFS(Regiones[Aten < 20 seg],Regiones[Fecha],Tabla54[[#This Row],[Fecha]],Regiones[Intervalo],Tabla54[[#This Row],[Intervalo]],Regiones[Skill],'BUPA Seguros'!$L$3)/Tabla54[[#This Row],[Recibidas]],0) -> 0 | I208: =IFERROR(Tabla54[[#This Row],[Atendidas]]/Tabla54[[#This Row],[Recibidas]],0) -> 0
B209: =+B208 -> 46208 | C209: 0.22916667 | D209: =+SUMIFS(Regiones[Ofrecidas],Regiones[Fecha],Tabla54[[#This Row],[Fecha]],Regiones[Intervalo],Tabla54[[#This Row],[Intervalo]],Regiones[Skill],'BUPA Seguros'!$L$3) -> 0 | E209: =+SUMIFS(Regiones[Contestadas],Regiones[Fecha],Tabla54[[#This Row],[Fecha]],Regiones[Intervalo],Tabla54[[#This Row],[Intervalo]],Regiones[Skill],'BUPA Seguros'!$L$3) -> 0 | F209: 0 | G209: =IFERROR(SUMIFS(Regiones[TMO],Regiones[Fecha],Tabla54[[#This Row],[Fecha]],Regiones[Intervalo],Tabla54[[#This Row],[Intervalo]],Regiones[Skill],'BUPA Seguros'!$L$3)/Tabla54[[#This Row],[Atendidas]],0) -> 0 | H209: =IFERROR(SUMIFS(Regiones[Aten < 20 seg],Regiones[Fecha],Tabla54[[#This Row],[Fecha]],Regiones[Intervalo],Tabla54[[#This Row],[Intervalo]],Regiones[Skill],'BUPA Seguros'!$L$3)/Tabla54[[#This Row],[Recibidas]],0) -> 0 | I209: =IFERROR(Tabla54[[#This Row],[Atendidas]]/Tabla54[[#This Row],[Recibidas]],0) -> 0
B210: =+B209 -> 46208 | C210: 0.25 | D210: =+SUMIFS(Regiones[Ofrecidas],Regiones[Fecha],Tabla54[[#This Row],[Fecha]],Regiones[Intervalo],Tabla54[[#This Row],[Intervalo]],Regiones[Skill],'BUPA Seguros'!$L$3) -> 0 | E210: =+SUMIFS(Regiones[Contestadas],Regiones[Fecha],Tabla54[[#This Row],[Fecha]],Regiones[Intervalo],Tabla54[[#This Row],[Intervalo]],Regiones[Skill],'BUPA Seguros'!$L$3) -> 0 | F210: 0 | G210: =IFERROR(SUMIFS(Regiones[TMO],Regiones[Fecha],Tabla54[[#This Row],[Fecha]],Regiones[Intervalo],Tabla54[[#This Row],[Intervalo]],Regiones[Skill],'BUPA Seguros'!$L$3)/Tabla54[[#This Row],[Atendidas]],0) -> 0 | H210: =IFERROR(SUMIFS(Regiones[Aten < 20 seg],Regiones[Fecha],Tabla54[[#This Row],[Fecha]],Regiones[Intervalo],Tabla54[[#This Row],[Intervalo]],Regiones[Skill],'BUPA Seguros'!$L$3)/Tabla54[[#This Row],[Recibidas]],0) -> 0 | I210: =IFERROR(Tabla54[[#This Row],[Atendidas]]/Tabla54[[#This Row],[Recibidas]],0) -> 0
... B245: =+B244 -> 46208 | C245: 0.97916667 | D245: =+SUMIFS(Regiones[Ofrecidas],Regiones[Fecha],Tabla54[[#This Row],[Fecha]],Regiones[Intervalo],Tabla54[[#This Row],[Intervalo]],Regiones[Skill],'BUPA Seguros'!$L$3) -> 0 | E245: =+SUMIFS(Regiones[Contestadas],Regiones[Fecha],Tabla54[[#This Row],[Fecha]],Regiones[Intervalo],Tabla54[[#This Row],[Intervalo]],Regiones[Skill],'BUPA Seguros'!$L$3) -> 0 | F245: 0 | G245: =IFERROR(SUMIFS(Regiones[TMO],Regiones[Fecha],Tabla54[[#This Row],[Fecha]],Regiones[Intervalo],Tabla54[[#This Row],[Intervalo]],Regiones[Skill],'BUPA Seguros'!$L$3)/Tabla54[[#This Row],[Atendidas]],0) -> 0 | H245: =IFERROR(SUMIFS(Regiones[Aten < 20 seg],Regiones[Fecha],Tabla54[[#This Row],[Fecha]],Regiones[Intervalo],Tabla54[[#This Row],[Intervalo]],Regiones[Skill],'BUPA Seguros'!$L$3)/Tabla54[[#This Row],[Recibidas]],0) -> 0 | I245: =IFERROR(Tabla54[[#This Row],[Atendidas]]/Tabla54[[#This Row],[Recibidas]],0) -> 0
B246: =+B245+1 -> 46209 | C246: 0 | D246: =+SUMIFS(Regiones[Ofrecidas],Regiones[Fecha],Tabla54[[#This Row],[Fecha]],Regiones[Intervalo],Tabla54[[#This Row],[Intervalo]],Regiones[Skill],'BUPA Seguros'!$L$3) -> 0 | E246: =+SUMIFS(Regiones[Contestadas],Regiones[Fecha],Tabla54[[#This Row],[Fecha]],Regiones[Intervalo],Tabla54[[#This Row],[Intervalo]],Regiones[Skill],'BUPA Seguros'!$L$3) -> 0 | F246: 0 | G246: =IFERROR(SUMIFS(Regiones[TMO],Regiones[Fecha],Tabla54[[#This Row],[Fecha]],Regiones[Intervalo],Tabla54[[#This Row],[Intervalo]],Regiones[Skill],'BUPA Seguros'!$L$3)/Tabla54[[#This Row],[Atendidas]],0) -> 0 | H246: =IFERROR(SUMIFS(Regiones[Aten < 20 seg],Regiones[Fecha],Tabla54[[#This Row],[Fecha]],Regiones[Intervalo],Tabla54[[#This Row],[Intervalo]],Regiones[Skill],'BUPA Seguros'!$L$3)/Tabla54[[#This Row],[Recibidas]],0) -> 0 | I246: =IFERROR(Tabla54[[#This Row],[Atendidas]]/Tabla54[[#This Row],[Recibidas]],0) -> 0
B247: =+B246 -> 46209 | C247: 0.020833333 | D247: =+SUMIFS(Regiones[Ofrecidas],Regiones[Fecha],Tabla54[[#This Row],[Fecha]],Regiones[Intervalo],Tabla54[[#This Row],[Intervalo]],Regiones[Skill],'BUPA Seguros'!$L$3) -> 0 | E247: =+SUMIFS(Regiones[Contestadas],Regiones[Fecha],Tabla54[[#This Row],[Fecha]],Regiones[Intervalo],Tabla54[[#This Row],[Intervalo]],Regiones[Skill],'BUPA Seguros'!$L$3) -> 0 | F247: 0 | G247: =IFERROR(SUMIFS(Regiones[TMO],Regiones[Fecha],Tabla54[[#This Row],[Fecha]],Regiones[Intervalo],Tabla54[[#This Row],[Intervalo]],Regiones[Skill],'BUPA Seguros'!$L$3)/Tabla54[[#This Row],[Atendidas]],0) -> 0 | H247: =IFERROR(SUMIFS(Regiones[Aten < 20 seg],Regiones[Fecha],Tabla54[[#This Row],[Fecha]],Regiones[Intervalo],Tabla54[[#This Row],[Intervalo]],Regiones[Skill],'BUPA Seguros'!$L$3)/Tabla54[[#This Row],[Recibidas]],0) -> 0 | I247: =IFERROR(Tabla54[[#This Row],[Atendidas]]/Tabla54[[#This Row],[Recibidas]],0) -> 0
B248: =+B247 -> 46209 | C248: 0.041666667 | D248: =+SUMIFS(Regiones[Ofrecidas],Regiones[Fecha],Tabla54[[#This Row],[Fecha]],Regiones[Intervalo],Tabla54[[#This Row],[Intervalo]],Regiones[Skill],'BUPA Seguros'!$L$3) -> 0 | E248: =+SUMIFS(Regiones[Contestadas],Regiones[Fecha],Tabla54[[#This Row],[Fecha]],Regiones[Intervalo],Tabla54[[#This Row],[Intervalo]],Regiones[Skill],'BUPA Seguros'!$L$3) -> 0 | F248: 0 | G248: =IFERROR(SUMIFS(Regiones[TMO],Regiones[Fecha],Tabla54[[#This Row],[Fecha]],Regiones[Intervalo],Tabla54[[#This Row],[Intervalo]],Regiones[Skill],'BUPA Seguros'!$L$3)/Tabla54[[#This Row],[Atendidas]],0) -> 0 | H248: =IFERROR(SUMIFS(Regiones[Aten < 20 seg],Regiones[Fecha],Tabla54[[#This Row],[Fecha]],Regiones[Intervalo],Tabla54[[#This Row],[Intervalo]],Regiones[Skill],'BUPA Seguros'!$L$3)/Tabla54[[#This Row],[Recibidas]],0) -> 0 | I248: =IFERROR(Tabla54[[#This Row],[Atendidas]]/Tabla54[[#This Row],[Recibidas]],0) -> 0
...

Sheet Mapa Calor
B2: BUPA | C2: =PROPER(TEXT(C3,"DDDD")) -> Miércoles | D2: =PROPER(TEXT(D3,"DDDD")) -> Jueves | E2: =PROPER(TEXT(E3,"DDDD")) -> Viernes | F2: =PROPER(TEXT(F3,"DDDD")) -> Sábado | G2: =PROPER(TEXT(G3,"DDDD")) -> Domingo | H2: =PROPER(TEXT(H3,"DDDD")) -> Lunes | I2: =PROPER(TEXT(I3,"DDDD")) -> Martes | J2: =PROPER(TEXT(J3,"DDDD")) -> Miércoles | ... AG2: =PROPER(TEXT(AG3,"DDDD")) -> Viernes
B3: Intervalos | C3: =+'BUPA Seguros'!L5 -> 46204 | D3: =+C3+1 -> 46205 | E3: =+D3+1 -> 46206 | F3: =+E3+1 -> 46207 | G3: =+F3+1 -> 46208 | H3: =+G3+1 -> 46209 | I3: =+H3+1 -> 46210 | J3: =+I3+1 -> 46211 | K3: =+J3+1 -> 46212 | ... AG3: =+AF3+1 -> 46234
B4: {=_xlfn._xlws.SORT(_xlfn.UNIQUE(Regiones[Intervalo]))} -> 0.375 | C4: =+SUMIFS(Regiones[Ofrecidas],Regiones[Fecha],'Mapa Calor'!C$3,Regiones[Intervalo],'Mapa Calor'!$B4,Regiones[Skill],'Mapa Calor'!$B$2) -> 37 | D4: =+SUMIFS(Regiones[Ofrecidas],Regiones[Fecha],'Mapa Calor'!D$3,Regiones[Intervalo],'Mapa Calor'!$B4,Regiones[Skill],'Mapa Calor'!$B$2) -> 45 | E4: =+SUMIFS(Regiones[Ofrecidas],Regiones[Fecha],'Mapa Calor'!E$3,Regiones[Intervalo],'Mapa Calor'!$B4,Regiones[Skill],'Mapa Calor'!$B$2) -> 25 | F4: =+SUMIFS(Regiones[Ofrecidas],Regiones[Fecha],'Mapa Calor'!F$3,Regiones[Intervalo],'Mapa Calor'!$B4,Regiones[Skill],'Mapa Calor'!$B$2) -> 0 | G4: =+SUMIFS(Regiones[Ofrecidas],Regiones[Fecha],'Mapa Calor'!G$3,Regiones[Intervalo],'Mapa Calor'!$B4,Regiones[Skill],'Mapa Calor'!$B$2) -> 0 | H4: =+SUMIFS(Regiones[Ofrecidas],Regiones[Fecha],'Mapa Calor'!H$3,Regiones[Intervalo],'Mapa Calor'!$B4,Regiones[Skill],'Mapa Calor'!$B$2) -> 0 | I4: =+SUMIFS(Regiones[Ofrecidas],Regiones[Fecha],'Mapa Calor'!I$3,Regiones[Intervalo],'Mapa Calor'!$B4,Regiones[Skill],'Mapa Calor'!$B$2) -> 0 | J4: =+SUMIFS(Regiones[Ofrecidas],Regiones[Fecha],'Mapa Calor'!J$3,Regiones[Intervalo],'Mapa Calor'!$B4,Regiones[Skill],'Mapa Calor'!$B$2) -> 0 | ... AG4: =+SUMIFS(Regiones[Ofrecidas],Regiones[Fecha],'Mapa Calor'!AG$3,Regiones[Intervalo],'Mapa Calor'!$B4,Regiones[Skill],'Mapa Calor'!$B$2) -> 0
B5: 0.39583333 | C5: =+SUMIFS(Regiones[Ofrecidas],Regiones[Fecha],'Mapa Calor'!C$3,Regiones[Intervalo],'Mapa Calor'!$B5,Regiones[Skill],'Mapa Calor'!$B$2) -> 46 | D5: =+SUMIFS(Regiones[Ofrecidas],Regiones[Fecha],'Mapa Calor'!D$3,Regiones[Intervalo],'Mapa Calor'!$B5,Regiones[Skill],'Mapa Calor'!$B$2) -> 35 | E5: =+SUMIFS(Regiones[Ofrecidas],Regiones[Fecha],'Mapa Calor'!E$3,Regiones[Intervalo],'Mapa Calor'!$B5,Regiones[Skill],'Mapa Calor'!$B$2) -> 32 | F5: =+SUMIFS(Regiones[Ofrecidas],Regiones[Fecha],'Mapa Calor'!F$3,Regiones[Intervalo],'Mapa Calor'!$B5,Regiones[Skill],'Mapa Calor'!$B$2) -> 0 | G5: =+SUMIFS(Regiones[Ofrecidas],Regiones[Fecha],'Mapa Calor'!G$3,Regiones[Intervalo],'Mapa Calor'!$B5,Regiones[Skill],'Mapa Calor'!$B$2) -> 0 | H5: =+SUMIFS(Regiones[Ofrecidas],Regiones[Fecha],'Mapa Calor'!H$3,Regiones[Intervalo],'Mapa Calor'!$B5,Regiones[Skill],'Mapa Calor'!$B$2) -> 0 | I5: =+SUMIFS(Regiones[Ofrecidas],Regiones[Fecha],'Mapa Calor'!I$3,Regiones[Intervalo],'Mapa Calor'!$B5,Regiones[Skill],'Mapa Calor'!$B$2) -> 0 | J5: =+SUMIFS(Regiones[Ofrecidas],Regiones[Fecha],'Mapa Calor'!J$3,Regiones[Intervalo],'Mapa Calor'!$B5,Regiones[Skill],'Mapa Calor'!$B$2) -> 0 | ... AG5: =+SUMIFS(Regiones[Ofrecidas],Regiones[Fecha],'Mapa Calor'!AG$3,Regiones[Intervalo],'Mapa Calor'!$B5,Regiones[Skill],'Mapa Calor'!$B$2) -> 0
B6: 0.41666667 | C6: =+SUMIFS(Regiones[Ofrecidas],Regiones[Fecha],'Mapa Calor'!C$3,Regiones[Intervalo],'Mapa Calor'!$B6,Regiones[Skill],'Mapa Calor'!$B$2) -> 50 | D6: =+SUMIFS(Regiones[Ofrecidas],Regiones[Fecha],'Mapa Calor'!D$3,Regiones[Intervalo],'Mapa Calor'!$B6,Regiones[Skill],'Mapa Calor'!$B$2) -> 47 | E6: =+SUMIFS(Regiones[Ofrecidas],Regiones[Fecha],'Mapa Calor'!E$3,Regiones[Intervalo],'Mapa Calor'!$B6,Regiones[Skill],'Mapa Calor'!$B$2) -> 28 | F6: =+SUMIFS(Regiones[Ofrecidas],Regiones[Fecha],'Mapa Calor'!F$3,Regiones[Intervalo],'Mapa Calor'!$B6,Regiones[Skill],'Mapa Calor'!$B$2) -> 0 | G6: =+SUMIFS(Regiones[Ofrecidas],Regiones[Fecha],'Mapa Calor'!G$3,Regiones[Intervalo],'Mapa Calor'!$B6,Regiones[Skill],'Mapa Calor'!$B$2) -> 0 | H6: =+SUMIFS(Regiones[Ofrecidas],Regiones[Fecha],'Mapa Calor'!H$3,Regiones[Intervalo],'Mapa Calor'!$B6,Regiones[Skill],'Mapa Calor'!$B$2) -> 0 | I6: =+SUMIFS(Regiones[Ofrecidas],Regiones[Fecha],'Mapa Calor'!I$3,Regiones[Intervalo],'Mapa Calor'!$B6,Regiones[Skill],'Mapa Calor'!$B$2) -> 0 | J6: =+SUMIFS(Regiones[Ofrecidas],Regiones[Fecha],'Mapa Calor'!J$3,Regiones[Intervalo],'Mapa Calor'!$B6,Regiones[Skill],'Mapa Calor'!$B$2) -> 0 | ... AG6: =+SUMIFS(Regiones[Ofrecidas],Regiones[Fecha],'Mapa Calor'!AG$3,Regiones[Intervalo],'Mapa Calor'!$B6,Regiones[Skill],'Mapa Calor'!$B$2) -> 0
B7: 0.4375 | C7: =+SUMIFS(Regiones[Ofrecidas],Regiones[Fecha],'Mapa Calor'!C$3,Regiones[Intervalo],'Mapa Calor'!$B7,Regiones[Skill],'Mapa Calor'!$B$2) -> 52 | D7: =+SUMIFS(Regiones[Ofrecidas],Regiones[Fecha],'Mapa Calor'!D$3,Regiones[Intervalo],'Mapa Calor'!$B7,Regiones[Skill],'Mapa Calor'!$B$2) -> 43 | E7: =+SUMIFS(Regiones[Ofrecidas],Regiones[Fecha],'Mapa Calor'!E$3,Regiones[Intervalo],'Mapa Calor'!$B7,Regiones[Skill],'Mapa Calor'!$B$2) -> 34 | F7: =+SUMIFS(Regiones[Ofrecidas],Regiones[Fecha],'Mapa Calor'!F$3,Regiones[Intervalo],'Mapa Calor'!$B7,Regiones[Skill],'Mapa Calor'!$B$2) -> 0 | G7: =+SUMIFS(Regiones[Ofrecidas],Regiones[Fecha],'Mapa Calor'!G$3,Regiones[Intervalo],'Mapa Calor'!$B7,Regiones[Skill],'Mapa Calor'!$B$2) -> 0 | H7: =+SUMIFS(Regiones[Ofrecidas],Regiones[Fecha],'Mapa Calor'!H$3,Regiones[Intervalo],'Mapa Calor'!$B7,Regiones[Skill],'Mapa Calor'!$B$2) -> 0 | I7: =+SUMIFS(Regiones[Ofrecidas],Regiones[Fecha],'Mapa Calor'!I$3,Regiones[Intervalo],'Mapa Calor'!$B7,Regiones[Skill],'Mapa Calor'!$B$2) -> 0 | J7: =+SUMIFS(Regiones[Ofrecidas],Regiones[Fecha],'Mapa Calor'!J$3,Regiones[Intervalo],'Mapa Calor'!$B7,Regiones[Skill],'Mapa Calor'!$B$2) -> 0 | ... AG7: =+SUMIFS(Regiones[Ofrecidas],Regiones[Fecha],'Mapa Calor'!AG$3,Regiones[Intervalo],'Mapa Calor'!$B7,Regiones[Skill],'Mapa Calor'!$B$2) -> 0
B8: 0.45833333 | C8: =+SUMIFS(Regiones[Ofrecidas],Regiones[Fecha],'Mapa Calor'!C$3,Regiones[Intervalo],'Mapa Calor'!$B8,Regiones[Skill],'Mapa Calor'!$B$2) -> 45 | D8: =+SUMIFS(Regiones[Ofrecidas],Regiones[Fecha],'Mapa Calor'!D$3,Regiones[Intervalo],'Mapa Calor'!$B8,Regiones[Skill],'Mapa Calor'!$B$2) -> 27 | E8: =+SUMIFS(Regiones[Ofrecidas],Regiones[Fecha],'Mapa Calor'!E$3,Regiones[Intervalo],'Mapa Calor'!$B8,Regiones[Skill],'Mapa Calor'!$B$2) -> 46 | F8: =+SUMIFS(Regiones[Ofrecidas],Regiones[Fecha],'Mapa Calor'!F$3,Regiones[Intervalo],'Mapa Calor'!$B8,Regiones[Skill],'Mapa Calor'!$B$2) -> 1 | G8: =+SUMIFS(Regiones[Ofrecidas],Regiones[Fecha],'Mapa Calor'!G$3,Regiones[Intervalo],'Mapa Calor'!$B8,Regiones[Skill],'Mapa Calor'!$B$2) -> 0 | H8: =+SUMIFS(Regiones[Ofrecidas],Regiones[Fecha],'Mapa Calor'!H$3,Regiones[Intervalo],'Mapa Calor'!$B8,Regiones[Skill],'Mapa Calor'!$B$2) -> 0 | I8: =+SUMIFS(Regiones[Ofrecidas],Regiones[Fecha],'Mapa Calor'!I$3,Regiones[Intervalo],'Mapa Calor'!$B8,Regiones[Skill],'Mapa Calor'!$B$2) -> 0 | J8: =+SUMIFS(Regiones[Ofrecidas],Regiones[Fecha],'Mapa Calor'!J$3,Regiones[Intervalo],'Mapa Calor'!$B8,Regiones[Skill],'Mapa Calor'!$B$2) -> 0 | ... AG8: =+SUMIFS(Regiones[Ofrecidas],Regiones[Fecha],'Mapa Calor'!AG$3,Regiones[Intervalo],'Mapa Calor'!$B8,Regiones[Skill],'Mapa Calor'!$B$2) -> 0
B9: 0.47916667 | C9: =+SUMIFS(Regiones[Ofrecidas],Regiones[Fecha],'Mapa Calor'!C$3,Regiones[Intervalo],'Mapa Calor'!$B9,Regiones[Skill],'Mapa Calor'!$B$2) -> 48 | D9: =+SUMIFS(Regiones[Ofrecidas],Regiones[Fecha],'Mapa Calor'!D$3,Regiones[Intervalo],'Mapa Calor'!$B9,Regiones[Skill],'Mapa Calor'!$B$2) -> 42 | E9: =+SUMIFS(Regiones[Ofrecidas],Regiones[Fecha],'Mapa Calor'!E$3,Regiones[Intervalo],'Mapa Calor'!$B9,Regiones[Skill],'Mapa Calor'!$B$2) -> 52 | F9: =+SUMIFS(Regiones[Ofrecidas],Regiones[Fecha],'Mapa Calor'!F$3,Regiones[Intervalo],'Mapa Calor'!$B9,Regiones[Skill],'Mapa Calor'!$B$2) -> 2 | G9: =+SUMIFS(Regiones[Ofrecidas],Regiones[Fecha],'Mapa Calor'!G$3,Regiones[Intervalo],'Mapa Calor'!$B9,Regiones[Skill],'Mapa Calor'!$B$2) -> 0 | H9: =+SUMIFS(Regiones[Ofrecidas],Regiones[Fecha],'Mapa Calor'!H$3,Regiones[Intervalo],'Mapa Calor'!$B9,Regiones[Skill],'Mapa Calor'!$B$2) -> 0 | I9: =+SUMIFS(Regiones[Ofrecidas],Regiones[Fecha],'Mapa Calor'!I$3,Regiones[Intervalo],'Mapa Calor'!$B9,Regiones[Skill],'Mapa Calor'!$B$2) -> 0 | J9: =+SUMIFS(Regiones[Ofrecidas],Regiones[Fecha],'Mapa Calor'!J$3,Regiones[Intervalo],'Mapa Calor'!$B9,Regiones[Skill],'Mapa Calor'!$B$2) -> 0 | ... AG9: =+SUMIFS(Regiones[Ofrecidas],Regiones[Fecha],'Mapa Calor'!AG$3,Regiones[Intervalo],'Mapa Calor'!$B9,Regiones[Skill],'Mapa Calor'!$B$2) -> 0
B10: 0.5 | C10: =+SUMIFS(Regiones[Ofrecidas],Regiones[Fecha],'Mapa Calor'!C$3,Regiones[Intervalo],'Mapa Calor'!$B10,Regiones[Skill],'Mapa Calor'!$B$2) -> 53 | D10: =+SUMIFS(Regiones[Ofrecidas],Regiones[Fecha],'Mapa Calor'!D$3,Regiones[Intervalo],'Mapa Calor'!$B10,Regiones[Skill],'Mapa Calor'!$B$2) -> 27 | E10: =+SUMIFS(Regiones[Ofrecidas],Regiones[Fecha],'Mapa Calor'!E$3,Regiones[Intervalo],'Mapa Calor'!$B10,Regiones[Skill],'Mapa Calor'!$B$2) -> 46 | F10: =+SUMIFS(Regiones[Ofrecidas],Regiones[Fecha],'Mapa Calor'!F$3,Regiones[Intervalo],'Mapa Calor'!$B10,Regiones[Skill],'Mapa Calor'!$B$2) -> 1 | G10: =+SUMIFS(Regiones[Ofrecidas],Regiones[Fecha],'Mapa Calor'!G$3,Regiones[Intervalo],'Mapa Calor'!$B10,Regiones[Skill],'Mapa Calor'!$B$2) -> 0 | H10: =+SUMIFS(Regiones[Ofrecidas],Regiones[Fecha],'Mapa Calor'!H$3,Regiones[Intervalo],'Mapa Calor'!$B10,Regiones[Skill],'Mapa Calor'!$B$2) -> 0 | I10: =+SUMIFS(Regiones[Ofrecidas],Regiones[Fecha],'Mapa Calor'!I$3,Regiones[Intervalo],'Mapa Calor'!$B10,Regiones[Skill],'Mapa Calor'!$B$2) -> 0 | J10: =+SUMIFS(Regiones[Ofrecidas],Regiones[Fecha],'Mapa Calor'!J$3,Regiones[Intervalo],'Mapa Calor'!$B10,Regiones[Skill],'Mapa Calor'!$B$2) -> 0 | ... AG10: =+SUMIFS(Regiones[Ofrecidas],Regiones[Fecha],'Mapa Calor'!AG$3,Regiones[Intervalo],'Mapa Calor'!$B10,Regiones[Skill],'Mapa Calor'!$B$2) -> 0
B11: 0.52083333 | C11: =+SUMIFS(Regiones[Ofrecidas],Regiones[Fecha],'Mapa Calor'!C$3,Regiones[Intervalo],'Mapa Calor'!$B11,Regiones[Skill],'Mapa Calor'!$B$2) -> 34 | D11: =+SUMIFS(Regiones[Ofrecidas],Regiones[Fecha],'Mapa Calor'!D$3,Regiones[Intervalo],'Mapa Calor'!$B11,Regiones[Skill],'Mapa Calor'!$B$2) -> 26 | E11: =+SUMIFS(Regiones[Ofrecidas],Regiones[Fecha],'Mapa Calor'!E$3,Regiones[Intervalo],'Mapa Calor'!$B11,Regiones[Skill],'Mapa Calor'!$B$2) -> 34 | F11: =+SUMIFS(Regiones[Ofrecidas],Regiones[Fecha],'Mapa Calor'!F$3,Regiones[Intervalo],'Mapa Calor'!$B11,Regiones[Skill],'Mapa Calor'!$B$2) -> 2 | G11: =+SUMIFS(Regiones[Ofrecidas],Regiones[Fecha],'Mapa Calor'!G$3,Regiones[Intervalo],'Mapa Calor'!$B11,Regiones[Skill],'Mapa Calor'!$B$2) -> 0 | H11: =+SUMIFS(Regiones[Ofrecidas],Regiones[Fecha],'Mapa Calor'!H$3,Regiones[Intervalo],'Mapa Calor'!$B11,Regiones[Skill],'Mapa Calor'!$B$2) -> 0 | I11: =+SUMIFS(Regiones[Ofrecidas],Regiones[Fecha],'Mapa Calor'!I$3,Regiones[Intervalo],'Mapa Calor'!$B11,Regiones[Skill],'Mapa Calor'!$B$2) -> 0 | J11: =+SUMIFS(Regiones[Ofrecidas],Regiones[Fecha],'Mapa Calor'!J$3,Regiones[Intervalo],'Mapa Calor'!$B11,Regiones[Skill],'Mapa Calor'!$B$2) -> 0 | ... AG11: =+SUMIFS(Regiones[Ofrecidas],Regiones[Fecha],'Mapa Calor'!AG$3,Regiones[Intervalo],'Mapa Calor'!$B11,Regiones[Skill],'Mapa Calor'!$B$2) -> 0
